imdb_id,title,title_uk,year,imdb_rating,votes,country,region,language,theme,genres,basis,thriller_tag,note,description,imdb_url
tt15964372,Aparajito,Апараджіто,2022,8.7,5629,Індія,Індія,бенгальська,Музика та мистецтво,Biography; Drama; Family; History,реальна історія,,,"Кінець 1940-х: рекламний художник із Калькутти, закоханий у неореалізм, вирішує екранізувати роман Бібгутібгушана Бондопаддгая — без грошей, без акторів і без жодного знятого кадру за плечима. Анік Датта відтворює п'ять років, за які постала «Пісня дороги», з паузами в зйомках і порятунком коштом уряду Західної Бенгалії. Знято чорно-білим, із педантичною реконструкцією майданчиків Рея; Джіту Камаль вражаюче на нього схожий. Формально це не байопік: імена змінено, режисера звати Апараджіто Рей.",https://www.imdb.com/title/tt15964372/
tt23849204,12th Fail,Провал у 12-му класі,2023,8.7,176110,Індія,Індія,гінді,Соціальна драма,Biography; Drama,реальна історія,,,"Манодж Кумар Шарма із села в Чамбальській долині провалив дванадцятий клас, бо на іспиті вперше не дали списувати, — а через кілька років і кілька невдалих спроб склав іспит UPSC і став офіцером поліції. Відгу Вінод Чопра знімав переважно на реальних локаціях у делійському Мукерджі-Нагарі, кварталі підготовчих курсів, із непрофесійними виконавцями в епізодах. Вікрант Массі грає без пафосу; в основі — документальна книжка Анурага Патхака.",https://www.imdb.com/title/tt23849204/
tt0317248,City of God,Місто Бога,2002,8.6,879671,Бразилія,Латинська Америка,португ.,Кримінал,Crime; Drama,реальна історія,,,"Паулу Лінс виріс у ріо-де-жанейрському районі Сідаді-ді-Деус і зібрав історії реальних сусідів у роман, який Фернанду Мейреллеш і Катія Лунд перенесли на екран. Три десятиліття, від 1960-х до 1980-х, показано очима Ракети, підлітка з фотоапаратом, поки поруч росте банда Малюка Зе. Більшість ролей зіграли непрофесійні актори з фавел, відібрані через театральну майстерню. Чотири номінації на «Оскар», зокрема за режисуру, сценарій і монтаж.",https://www.imdb.com/title/tt0317248/
tt10189514,Soorarai Pottru,Сураарай Потру,2020,8.6,132651,Індія,Індія,тамільська,Автобіографія,Action; Drama,реальна історія,,,"За мемуарами «Simply Fly» відставного капітана Ґ. Р. Ґопінатха, який 2003 року запустив Air Deccan і вперше зробив квиток на літак дешевшим за поїзд. Судга Конґара переносить героя на ім'я Маара (Суря) у тамільське село, додає дружину-пекарку й перетворює бізнес-історію на боротьбу з монополістом, чиновниками та кастовою зверхністю. Національні кінопремії Індії за найкращий фільм, найкращу чоловічу і найкращу жіночу ролі.",https://www.imdb.com/title/tt10189514/
tt15097216,Jai Bhim,Джай Бгім,2021,8.6,235896,Індія,Індія,тамільська,Суд і журналістика,Crime; Drama; History; Mystery,реальна історія,,,"1993 рік, Тамілнад: чоловіка з племені іруларів Раджаканну забирають у поліцію за крадіжку, якої не було, а потім кажуть дружині, що він утік. Вагітна Сенґені йде до адвоката Чандру — реальної людини, згодом судді Високого суду Мадраса, — і той подає habeas corpus. Ґнанавел показує не так суд, як механіку зникнення: людей без виборчих карток і протоколи, куди можна вписати будь-що. Суря продюсував фільм і зіграв Чандру.",https://www.imdb.com/title/tt15097216/
tt9263550,Rocketry: The Nambi Effect,Ракетник: Ефект Намбі,2022,8.6,62529,Індія,Індія,"англ., тамільська",Наука і технології,Biography; Drama; History,реальна історія,,,"Намбі Нараянан керував розробкою рідинних двигунів ISRO і привіз до Індії французьку технологію, з якої виріс двигун Vikas, — аж поки 1994 року його не заарештували за звинуваченням у передачі секретів. CBI визнало справу сфабрикованою, а 2018-го Верховний суд присудив ученому компенсацію. Р. Мадгаван зняв фільм і сам зіграв Нараянана в усіх вікових шарах. Оповідь оформлена як телеінтерв'ю, яке в гінді-версії веде Шах Рух Хан, а в тамільській — Суря.",https://www.imdb.com/title/tt9263550/
tt0253474,The Pianist,Піаніст,2002,8.5,1022058,Польща/Франція/Німеччина/Велика Британія,Європа,англ./нім.,Голокост,Biography; Drama; Music; War,реальна історія,,,"Владислав Шпільман, піаніст Польського радіо, пережив ліквідацію Варшавського гетто й до січня 1945-го переховувався в руїнах міста. Роман Поланський, який дитиною втік із краківського гетто, знімає без підйому: камера не відходить від Шпільмана й показує рівно те, що бачить він. Едрієн Броуді отримав «Оскар» за цю роль, фільм — Золоту пальмову гілку та ще дві статуетки. Німецький офіцер Вільм Гозенфельд, який його врятував, — реальна постать.",https://www.imdb.com/title/tt0253474/
tt1675434,The Intouchables,1+1 (Недоторканні),2011,8.5,1039156,Франція,Європа,фр.,Соціальна драма,Comedy; Drama,реальна історія,,,"Філіпп Поццо ді Борґо, спадкоємець виноробного дому, після аварії на параплані лишився паралізованим від шиї, а доглядальником узяв Абделя Селлу, який щойно вийшов із в'язниці. Олів'є Накаш та Ерік Толедано зробили з цього комедію про двох людей, яким удвох легше, ніж окремо: Франсуа Клюзе і Омар Сі, що отримав «Сезар». У Франції фільм подивилися понад 19 мільйонів глядачів. Головна вільність: Селлу — алжирець, а в кіно сенегалець, і за це стрічку дорікали.",https://www.imdb.com/title/tt1675434/
tt10811166,The Kashmir Files,Кашмірські файли,2022,8.5,579687,Індія,Індія,гінді,Політика та історія,Drama; History,натхненний реальними подіями,,"Фільм звинувачують у пропагандистському викривленні: масштаби й обставини подій 1990 року подано з істотними перебільшеннями, історики та журналісти вказували на маніпуляції фактами й розпалювання ворожнечі.","На початку 1990-х із Кашмірської долини під погрозами бойовиків виїхали десятки тисяч індуїстів-пандитів; були вбивства, захоплені будинки, роки в наметових таборах. Вівек Аґніготрі будує фільм на свідченнях переселенців і на лінії студента, який дізнається правду про загибель рідних. Картина зібрала величезну касу в Індії і водночас стала однією з найсуперечливіших: історики й журналісти закидали їй перебільшені цифри та антимусульманську риторику, а голова журі фестивалю в Ґоа Надав Лапід назвав її пропагандою.",https://www.imdb.com/title/tt10811166/
tt0400234,Black Friday,Чорна п'ятниця,2004,8.4,26483,Індія,Індія,гінді,Кримінал,Action; Crime; Drama; History,реальна історія,,,"12 березня 1993 року в Бомбеї за дві години прогриміли тринадцять вибухів. Анураг Кашьяп екранізує репортажну книжку Хусейна Зайді й розкладає події на два боки: слідчого Ракеша Марію (Кей Кей Менон), який розмотує ланцюжок затримань, і виконавців, що розбігаються країною. Довга піша погоня вулицями трущоб стала візитівкою картини. Прем'єру заблокував Високий суд Бомбея — фільм пролежав до 2007-го, поки не завершився процес у справі.",https://www.imdb.com/title/tt0400234/
tt4991384,Visaaranai,Допит,2015,8.4,15868,Індія,Індія,таміл.,Суд і журналістика,Crime; Drama; Thriller,реальна історія,так,,"М. Чандракумар, рикшар із Тамілнаду, описав у книжці «Lock Up», як поліція в Андхра-Прадеші затримала його з трьома земляками й тижнями вибивала зізнання у крадіжці, до якої вони не мали стосунку. Ветрімааран екранізує це буквально: перша половина — камера й побої, друга йде далі, у корупційні розрахунки, де ті самі люди стають розмінною монетою. Три Національні кінопремії Індії, приз Amnesty International у Венеції та висунення від Індії на «Оскар».",https://www.imdb.com/title/tt4991384/
tt7465992,Mahanati,Маханаті,2018,8.4,16764,Індія,Індія,"телугу, таміл.",Музика та мистецтво,Biography; Drama,реальна історія,,,"1980 рік, Савітрі лежить у комі, і двоє журналістів збирають матеріал про акторку, яка ще недавно була найвищеоплачуванішою зіркою телугу- й таміл-кіно. Наґ Ашвін через цю рамку відмотує життя: дитинство в Андхрі, знімальні майданчики 1950-х, шлюб із одруженим актором Джеміні Ґанесаном, алкоголь, борги. Кіртхі Суреш отримала за роль Національну кінопремію, Ґанесана зіграв Дулкер Салман. Родичі Ґанесана публічно сперечалися з тим, яким його показано.",https://www.imdb.com/title/tt7465992/
tt31514146,I Swear,Клянуся,2025,8.4,59111,Велика Британія,Британія та Ірландія,англ.,Медицина та виживання,Biography; Drama; History,реальна історія,,,"Джон Девідсон із шотландського Ґалашилса почав неконтрольовано смикатися й вигукувати слова у дванадцять, а після документального фільму BBC «John's Not Mad» (1989) став найвідомішим у Британії голосом людей із синдромом Туретта. Кірк Джонс веде оповідь від 1983 року до 2020-х — через ліки, безробіття, орден Британської імперії та участь у дослідженні глибокої стимуляції мозку. Роберт Арамайо здобув за цю роль BAFTA за найкращу чоловічу роль.",https://www.imdb.com/title/tt31514146/
tt5074352,Dangal,Дангал,2016,8.3,247148,Індія,Індія,гінді,Спорт,Action; Biography; Drama; Sport,реальна історія,,,"Махавір Сінгх Пхогат, колишній борець із гар'янського села Балалі, вирішує тренувати доньок так, як тренував би синів, — попри те, що дівчат у боротьбі там просто не існувало. Нітеш Тіварі веде історію від перших ранкових пробіжок до фіналу Ігор Співдружності 2010 року в Делі, де Ґіта здобула золото. Амір Хан набрав близько тридцяти кілограмів, щоб зіграти батька в старшому віці. Тренер-антагоніст — вигадка сценаристів, проти якої публічно заперечував реальний наставник сестер.",https://www.imdb.com/title/tt5074352/
tt10280296,Sardar Udham,Сардар Удхам,2021,8.3,51210,Індія,Індія,гінді,Політика та історія,Crime; Drama; History,реальна історія,,,"13 березня 1940 року Удхам Сінгх застрелив у лондонському Кекстон-холі Майкла О'Двайєра — губернатора Пенджабу, який схвалив розстріл у Джалліанвала-Баг 1919 року. Шуджіт Сіркар розповідає нелінійно, через допити й спогади, а сама різанина показана аж наприкінці — довгою нічною сценою серед поранених. Вікі Каушал грає Сінгха мовчазним і виснаженим; фільм не висунули від Індії на «Оскар», і в пресі писали, що журі не влаштувала його антибританська різкість.",https://www.imdb.com/title/tt10280296/
tt10295212,Shershaah,Шершах,2021,8.3,137311,Індія,Індія,гінді,Війна,Action; Biography; Drama; Thriller; War,реальна історія,так,,"Каргіл, літо 1999-го: капітан Вікрам Батра бере висоту 5140, передає в ефір «Yeh Dil Maange More» і гине 7 липня при штурмі точки 4875, яку згодом назвуть Batra Top. Вішнувардхан веде лінію від академії в Дехрадуні через стосунки з Дімпл Чімою до останнього бою. Сіддхарт Малхотра грає і Вікрама, і його брата-близнюка Вішала. Родина Батри консультувала зйомки, а сам фільм через пандемію вийшов одразу на стримінгу.",https://www.imdb.com/title/tt10295212/
tt11423818,Pawankhind,Паванхінд,2022,8.3,8354,Індія,Індія,маратхі,Війна,Action; Drama; History; War,реальна історія,,,"Липень 1660-го: Шіваджі з невеликим загоном вирвався з облоги форту Панхала й пробивається до Вішалґада, а Баджі Прабху Дешпанде з приблизно трьомастами воїнами замикає гірський прохід Ґходкхінд, щоб затримати військо Сідді Джохара. Дігпал Ланджекар знімає майже все як один розтягнутий бій: вузький прохід, дощ, лічені години. Аджай Пуркар грає Баджі Прабху без сучасних психологічних надбудов, у регістрі усного переказу. Після битви ущелину перейменували на Паван-Хінд; фільм став одним із найкасовіших маратхі.",https://www.imdb.com/title/tt11423818/
tt9006564,2018,2018,2023,8.3,17017,Індія,Індія,малаялам,Катастрофа і виживання,Action; Adventure; Drama; Thriller,натхненний реальними подіями,так,,"За кілька серпневих днів 2018-го в Кералі випала злива століття, водосховища довелося відкрити одночасно, і під водою опинилися сотні сіл. Джуд Ентоні Джозеф збирає з десятка вигаданих доль одну картину катастрофи, а головними героями робить рибалок, які пригнали свої човни з узбережжя в затоплені райони. На момент виходу — найкасовіший малаяламський фільм і офіційна заявка Індії на «Оскар». Персонажі збірні, самі рятувальні операції задокументовані.",https://www.imdb.com/title/tt9006564/
tt0268978,A Beautiful Mind,Ігри розуму,2001,8.2,1061740,США,США,англ.,Наука і технології,Biography; Drama,реальна історія,,,"Основа — біографія Сильвії Насар про Джона Неша, чия робота з теорії ігор принесла Нобелівську премію 1994 року, а параноїдна шизофренія забрала кілька десятиліть життя. Рон Говард будує оповідь так, щоб глядач бачив світ очима Неша й не одразу відрізняв реальність від марення. Чотири «Оскари», зокрема за фільм. Насправді галюцинації Неша були слуховими, а не візуальними, і сценарій обходить його розлучення з Алісією.",https://www.imdb.com/title/tt0268978/
tt0319736,The Legend of Bhagat Singh,Легенда про Бгаґата Сінґха,2002,8.2,18491,Індія,Індія,гінді,Політика та історія,Biography; Drama; History; Action,реальна історія,,,"Бгаґат Сінґх у 1928-му застрелив британського поліціянта Джона Сондерса, наступного року разом із Батукешваром Даттом кинув бомбу в Центральних законодавчих зборах у Делі — не щоб убити, а щоб бути почутим, — і 23 березня 1931-го його повісили в Лахорі у двадцять три роки. Раджкумар Сантоші веде оповідь від арешту до шибениці, з наголосом на тюремному голодуванні й судових промовах. Аджай Девґн отримав за роль Національну кінопремію.",https://www.imdb.com/title/tt0319736/
tt0363163,Downfall (Der Untergang),Бункер (Падіння),2004,8.2,403187,Німеччина/Австрія/Італія,Європа,нім.,Війна,Biography; Drama; History,реальна історія,,,"Квітень 1945-го, бункер під рейхсканцелярією: останні десять днів Гітлера очима його секретарки Траудль Юнґе, чиї спогади разом із книжкою Йоахіма Феста лягли в основу сценарію. Бруно Ґанц вибудував роль на єдиному вцілілому записі приватної мови Гітлера й на симптомах Паркінсона, а Олівер Гіршбіґель уникає будь-яких закадрових пояснень. Після виходу в Німеччині довго сперечалися, чи не робить така докладність диктатора надто людяним.",https://www.imdb.com/title/tt0363163/
tt0367110,Swades,"Свадес: Ми, народ",2004,8.2,107057,Індія,Індія,гінді,Соціальна драма,Drama; Musical,натхненний реальними подіями,,,"Інженер NASA Мохан Бгарґава повертається до Індії, щоб забрати в США няню, яка його виростила, і застрягає в селі Чаранпур, де немає сталого електропостачання. Ашутош Ґоварікер відштовхувався від історії активістів Аравінди Піллаламаррі й Раві Кучіманчі, які возили селами педальний генератор. Шах Рукх Кхан грає без звичної для себе екзальтації, музику написав А. Р. Рахман. У прокаті 2004-го фільм провалився, а репутацію найкращої ролі актора здобув уже згодом.",https://www.imdb.com/title/tt0367110/
tt2181831,Shahid,Шахід,2012,8.2,21692,Індія,Індія,гінді,Суд і журналістика,Biography; Drama,реальна історія,,,"Шахід Азмі після бомбейських погромів 1992–93 років підлітком поїхав у табір бойовиків, повернувся й сім років провів у в'язниці Тіхар — вирок згодом скасували, а він вийшов звідти з дипломом юриста. Хансал Мехта простежує обидві половини цього життя аж до 11 лютого 2010-го, коли Азмі застрелили в його ж конторі в Курлі. Раджкуммар Рао грає без героїчного нальоту: сутулий адвокат, який бере справи, від яких відмовляються всі. Обидва отримали Національну кінопремію Індії.",https://www.imdb.com/title/tt2181831/
tt1620933,Paan Singh Tomar,Паан Сінгх Томар,2012,8.2,40424,Індія,Індія,гінді,Спорт,Action; Biography; Crime; Sport; Thriller,реальна історія,так,,"Субедар індійської армії Паан Сінґх Томар сім разів вигравав національну першість зі стипль-чезу й бігав за країну на Азійських іграх 1958-го в Токіо; після відставки земельний конфлікт із ріднею та байдужість поліції зробили з нього ватажка збройної групи в ярах Чамбалу, де його вбили 1981 року. Тіґманшу Дгулія будує фільм як інтерв'ю героя журналістові, перемежоване спогадами. Ірфан Хан отримав Національну кінопремію за головну роль, а сам фільм — за найкращу повнометражну стрічку року.",https://www.imdb.com/title/tt1620933/
tt1954470,Gangs of Wasseypur,Банди Вассейпура,2012,8.2,115387,Індія,Індія,гінді,Кримінал,Action; Comedy; Crime; Drama; Thriller,натхненний реальними подіями,так,,"Анураґ Кашьяп простежує три покоління ворожнечі навколо вугільних шахт Дханбада — від 1940-х, коли Шахід Хан грабував потяги, до 2000-х із кланами, що поділили вивіз вугілля, металобрухт і місцеву політику. П'ять із половиною годин, випущені двома частинами; прем'єра відбулася на «Двотижневику режисерів» у Каннах. Манодж Байпаї і Наваззуддін Сіддікі грають батька й сина, гумор і жорстокість тут ідуть упритул. Імена й родини змінено: це радше збірна хроніка мафії вугільного поясу, ніж чиясь біографія.",https://www.imdb.com/title/tt1954470/
tt0993846,The Wolf of Wall Street,Вовк з Волл-стріт,2013,8.2,1818833,США,США,англ.,Кримінал,Biography; Comedy; Crime; Drama,реальна історія,,,"Джордан Белфорт наприкінці 1980-х відкрив брокерську контору Stratton Oakmont, яка качала гроші зі сміттєвих акцій, і врешті сів за шахрайство та відмивання. Скорсезе екранізує його власні мемуари, тому й розповідь ведеться голосом Белфорта: три години торгів, кокаїну й корпоративних оргій, майже без обманутих інвесторів у кадрі. Саме за це фільм і сварили; режисер відповідав, що глядач має відчути принадність, аби зрозуміти, як це працювало.",https://www.imdb.com/title/tt0993846/
tt2356180,Bhaag Milkha Bhaag,"Біжи, Мілкха, біжи",2013,8.2,79781,Індія,Індія,гінді,Спорт,Biography; Drama; Sport,реальна історія,,,"Мілкха Сінґх дитиною вцілів під час поділу 1947-го, коли в Мултані вирізали його родину, а через тринадцять років у Римі був за крок від олімпійської медалі на 400 метрах. Ракеш Омпракаш Мехра монтує три часові пласти — біженський табір, армійські казарми й підготовку до Олімпіади. Фархан Ахтар готувався рік і біг усі дистанції сам. Сам Мілкха продав права на свою історію за одну рупію; тривалість понад три години влаштовує не кожного глядача.",https://www.imdb.com/title/tt2356180/
tt3153634,Hope,Надія,2013,8.2,12393,Південна Корея,Східна Азія,кор.,Соціальна драма,Drama,реальна історія,,,"2008 року в Ансані п'ятдесятисемирічний рецидивіст жорстоко зґвалтував восьмирічну дівчинку; вирок у дванадцять років спричинив у Кореї хвилю обурення й зміни в законодавстві. Лі Джун Ік свідомо знімає не про злочин, а про те, що після: батько (Соль Кьон Гу), якого дитина тепер боїться, вчиться підходити до неї в костюмі мультяшного героя. Насильство лишається за кадром, усе тримається на терпінні й дрібних побутових перемогах. Найкращий фільм на «Блакитному драконі» 2013 року.",https://www.imdb.com/title/tt3153634/
tt6316138,Ayla: The Daughter of War,Айла: Донька війни,2017,8.2,48998,Туреччина,Близький Схід і Африка,"турецька, корейська",Війна,Biography; Drama; History; War,реальна історія,,,"Восени 1950 року турецький сержант Сулейман Дільбірлігі знайшов у розбомбленому корейському селищі осиротілу дівчинку й назвав її Айлою — «місячним сяйвом»; вона жила при бригаді, доки та не повернулася додому. Джан Улкай будує фільм на цій розлуці та на зустрічі через шістдесят років, яку 2010-го зафільмувала південнокорейська MBC. Відверто мелодраматичний тон і Четін Текіндор у ролі старого Сулеймана зробили картину однією з найкасовіших турецьких і кандидатом від Туреччини на «Оскар».",https://www.imdb.com/title/tt6316138/
tt7060460,Theeran Adhigaram Ondru,Тіран: Розділ перший,2017,8.2,19854,Індія,Індія,таміл.,Кримінал,Action; Crime; Thriller,реальна історія,так,,"Наприкінці 1990-х банди грабували придорожні будинки й вирізали цілі родини на трасах Північної Індії; розслідування, відоме як операція «Баварія», очолював офіцер С. Р. Джанґід. Х. Вінот перетворює його справу на восьмирічне полювання: картотеки, засідки, поїздки в Раджастхан і Гар'яну без юрисдикції та без підтримки. Карті грає поліціянта буденно, а насильство подано сухо, майже протокольно. Після прокату громади денотифікованих кочових племен звинуватили авторів у стигматизації, і частину сцен із пізніших версій прибрали.",https://www.imdb.com/title/tt7060460/
tt6966692,Green Book,Зелена книга,2018,8.2,700111,США,США,"англ., італ., рос.",Соціальна драма,Biography; Comedy; Drama; Music,реальна історія,,"Родина Дона Ширлі публічно заперечила зображену дружбу й називала фільм вигадкою, побудованою на розповідях сім'ї Валлелонги; критики вказували на наратив «білого рятівника».","1962 року бронкський вибивайло Тоні Валлелонга наймається водієм до афроамериканського піаніста Дона Ширлі, який навмисне везе тріо в турне південними штатами; назва — з довідника мотелів і кафе, куди чорношкірим було безпечно заходити. Пітер Фарреллі знімає роуд-муві, де змінюється насамперед водій. Три «Оскари», зокрема за фільм і за роль Магершали Алі. Сценарій писав син Тоні за батьковими розповідями, і родина Ширлі публічно заперечила і саму дружбу, і зображення піаніста.",https://www.imdb.com/title/tt6966692/
tt8291224,Uri: The Surgical Strike,Урі: Хірургічний удар,2019,8.2,85163,Індія,Індія,гінді,Війна,Action; Drama; History; War,реальна історія,,"Персонажі вигадані, а перебіг «хірургічних ударів» 2016 року драматизовано; фільм критикували за мілітаристський пропагандистський тон.","У вересні 2016-го напад бойовиків на армійську базу в Урі забрав життя 19 індійських солдатів; за одинадцять днів Індія оголосила про «хірургічні удари» по таборах через Лінію контролю. Адітья Дгар знімає це як військовий трилер, розбитий на глави, з вигаданим майором Віхааном Шерґіллом (Вікі Каушал) у центрі. Пакистан заперечував масштаб ударів, незалежних підтверджень немає, а фільм подає операцію як безсумнівний тріумф; його репліка «How's the josh?» стала політичним слоганом.",https://www.imdb.com/title/tt8291224/
tt15398776,Oppenheimer,Оппенгеймер,2023,8.2,1088834,США,США,англ.,Наука і технології,Biography; Drama; History,реальна історія,,,"Нолан екранізував біографію «Американський Прометей» Кая Берда і Мартіна Шервіна, склавши фільм із двох переплетених слухань: перегляду допуску Оппенгеймера 1954 року й сенатських слухань щодо Льюїса Штраусса 1959-го, між якими вкладено Лос-Аламос і випробування «Трініті» 16 липня 1945-го. Кольорові сцени тут суб'єктивні, чорно-білі — погляд збоку; вибух знімали без комп'ютерної графіки. Сім «Оскарів», зокрема Кілліану Мерфі й Роберту Дауні-молодшому. Найчастіший докір: Хіросіма й Нагасакі лишаються за кадром.",https://www.imdb.com/title/tt15398776/
tt26458038,Manjummel Boys,Хлопці з Манджуммеля,2024,8.2,34800,Індія,Індія,малаялам,Катастрофа і виживання,Adventure; Drama; Thriller,реальна історія,так,,"2006 року компанія друзів із кочинського Манджуммеля поїхала в Кодайканал, і на екскурсії в печерах Ґуна один із них, Субгаш, провалився в розколину, куди не наважувалися спускатися рятувальники. Чідамбарам знімає першу половину як безтурботну подорож, а другу — як задушливий трилер про те, що робити, коли поліція і пожежники розводять руками. Витяг друга не професіонал, а свій же — Сіджу Девід, який пішов униз на мотузці. На момент виходу це найкасовіше малаяламське кіно в історії.",https://www.imdb.com/title/tt26458038/
tt33014583,Dhurandhar,Дхурандхар,2025,8.2,149207,Індія,Індія,гінді,Політика та історія,Action; Crime; Thriller; Adventure,натхненний реальними подіями,так,,"Карачі, райони Ліярі: індійський агент вростає в місцеве кримінальне підпілля, а поруч діють упізнавані постаті — поліціянт Чаудхрі Аслам Хан і ватажок банди Рехман Дакайт. Адітья Дхар збирає сюжет із кількох операцій індійської розвідки після атак 26/11, не роблячи біографії жодної конкретної людини. У головній ролі Ранвір Сінґх, поруч Р. Мадхаван, Арджун Рампал, Акшай Кханна й Санджай Датт. Родина майора Мохіта Шарми зверталася до Високого суду Делі, вважаючи прототипом його, — режисер цей зв'язок заперечив.",https://www.imdb.com/title/tt33014583/
tt36943034,The Voice of Hind Rajab,Голос Хінд Раджаб,2025,8.2,20708,Туніс / Франція,Близький Схід і Африка,араб.,Війна,Biography; Drama; History; War,реальна історія,,,"29 січня 2024 року диспетчери Палестинського Червоного Півмісяця понад годину тримали на лінії дівчинку, яка сиділа в розстріляному автомобілі в Газі поруч із тілами родичів і чекала на швидку. Кауттер Бен Ганія вмонтувала в фільм справжній запис цих дзвінків, а все довкола — кімнату диспетчерської, узгодження проїзду, безсилля — зіграли актори. Дія майже не виходить за межі одного приміщення й одного дня. Гран-прі журі Венеції, овація на 23 хвилини й висунення на «Оскар» від Тунісу.",https://www.imdb.com/title/tt36943034/
tt39139925,Dhurandhar: The Revenge,Дхурандхар: помста,2026,8.2,70103,Індія,Індія,гінді,Війна,Action; Crime; Thriller,натхненний реальними подіями,так,,"Друга й фінальна частина дилогії Адітьї Дгара, знята одним блоком із першою: індійський агент під легендою Хамзи Алі Мазарі роками працює всередині кримінальних мереж карачинського району Лярі. Реальні події тут радше тло й мотив — поліцейська операція в Лярі, теракти в Мумбаї 2008 року, індійська політика 2010-х, — тоді як сам герой і його місія вигадані. У головній ролі Ранвір Сінґх, поряд — Арджун Рампал, Санджай Датт і Мадгаван; прем'єра 19 березня 2026 року.",https://www.imdb.com/title/tt39139925/
tt0264464,Catch Me If You Can,"Спіймай мене, якщо зможеш",2002,8.1,1260145,США,США,англ.,Кримінал,Biography; Crime; Drama,реальна історія,,"Мемуари Френка Абаґнейла, на яких базується фільм, значною мірою спростовані журналістськими розслідуваннями: більшість афер, приписаних йому, документально не підтверджуються.","Френк Абаґнейл-молодший розповідав, що підлітком підробив чеків на мільйони й видавав себе за пілота Pan Am, лікаря і прокурора, доки його не спіймали у Франції. Спілберг знімає це як легку гонитву втікача (Леонардо Ді Капріо) й агента ФБР Карла Генраті (Том Генкс), прообразом якого був Джозеф Ші. Пізніші журналістські розслідування показали, що більшу частину своїх пригод Абаґнейл вигадав сам — фільм цього, звісно, не знав.",https://www.imdb.com/title/tt0264464/
tt0353969,Memories of Murder,Спогади про вбивство,2003,8.1,273448,Південна Корея,Східна Азія,кор.,Кримінал,Crime; Drama; Mystery; Thriller,реальна історія,так,,"Десять жінок убито в повіті Хвасон між 1986 і 1991 роками; тодішнє слідство не дало нічого. Пон Джун-хо, відштовхуючись від п'єси Кім Кван-ріма, знімає не детектив, а портрет країни під військовою диктатурою: провінційний коп вибиває зізнання ногами, столичний слідчий вірить документам, і обидва методи безсилі. Пісня Кан-хо тримає роль на межі фарсу й жаху. Справжнього вбивцю встановили лише 2019 року, через шістнадцять років після прем'єри.",https://www.imdb.com/title/tt0353969/
tt0395169,Hotel Rwanda,Готель «Руанда»,2004,8.1,394284,Велика Британія/ПАР/Італія/США,Британія та Ірландія,англ.,Війна,Biography; Drama; History,реальна історія,,"Частина врятованих у готелі та дослідники геноциду заперечують героїчну версію: свідки стверджували, що Русесабаджіна брав із людей гроші; сам він пізніше був засуджений у Руанді у політично вмотивованому процесі.","Навесні 1994-го менеджер готелю Mille Collines у Кігалі Поль Русесабаджіна сховав за його стінами понад тисячу людей, поки за вікном тривало винищення тутсі. Террі Джордж будує фільм на дрібних оборудках — хабарі, віскі, телефонні дзвінки, — а Дон Чідл грає людину, яка щоразу вигадує наступну годину. Номінації на «Оскар» для Чідла, Софі Оконедо і сценарію. Пізніше частина врятованих оскаржувала цю версію подій, а сам Русесабаджіна 2021 року дістав у Руанді тюремний вирок.",https://www.imdb.com/title/tt0395169/
tt0871510,Chak De! India,"Вперед, Індіє!",2007,8.1,92570,Індія,Індія,гінді,Спорт,Drama; Family; Sport,натхненний реальними подіями,,,"Кабір Хан (Шах Рух Хан), колишній капітан збірної Індії з хокею на траві, якого після незабитого пенальті звинуватили у зраді, повертається тренувати жіночу команду з шістнадцяти дівчат із різних штатів. Прообразом став воротар Мір Ранджан Неґі, якого цькували після поразки 1:7 від Пакистану 1982 року, а фінал відсилає до перемоги індійок на Іграх Співдружності 2002-го. Шіміт Амін знімає матчі майже без пісенних вставок — рідкість для Боллівуду тих років. Сам турнір у фільмі вигаданий.",https://www.imdb.com/title/tt0871510/
tt0978762,Mary and Max,Мері і Макс,2009,8.1,203000,Австралія,Австралія і Океанія,англ.,Соціальна драма,Animation; Comedy; Drama,натхненний реальними подіями,,,"Адам Елліот двадцять років листувався з нью-йоркцем, з якого зробив Макса Горовіца — сорокачотирирічного єврея з синдромом Аспергера, що випадково отримує лист від восьмирічної Мері Дейзі Дінкл із передмістя Мельбурна. Пластилінова анімація, знята покадрово: сірий Нью-Йорк і бурий Мельбурн, голоси Філіпа Сеймура Гоффмана і Тоні Коллетт. Попри вигляд, це не дитяче кіно — тут самотність, переїдання, алкоголізм і психіатрія. Відкривав «Санденс» 2009 року і взяв головний приз в Ансі.",https://www.imdb.com/title/tt0978762/
tt1028532,Hachi: A Dog's Tale,Хатіко: Найвірніший друг,2009,8.1,347195,США / Велика Британія,США,англ.,Соціальна драма,Biography; Drama; Family,натхненний реальними подіями,,,"Справжній Хатіко — акіта-іну професора Хідесабуро Уено, який 1925 року помер на роботі; пес приходив на станцію Сібуя зустрічати його ще майже десять років. Лассе Галльстрем переніс історію в містечко в Род-Айленді, зробивши господаря викладачем музики у виконанні Річарда Ґіра. Знято просто, майже без сюжетних ускладнень, чимало сцен подано з собачої перспективи. Це друга екранізація — японський «Хатіко моноґатарі» вийшов 1987 року.",https://www.imdb.com/title/tt1028532/
tt1821682,Traffic,Трафік,2011,8.1,5765,Індія,Індія,малаялам,Медицина та виживання,Action; Adventure; Mystery,реальна історія,,,"Поштовхом став реальний випадок у Ченнаї, коли поліція розчистила дорожній коридор, щоб донорське серце встигли довезти до реципієнта. Раджеш Піллаї розкладає це на кілька ліній — розжалуваний констебль, кардіолог, кінозірка, батько дитини — і зводить їх на стокілометровому відрізку траси, де рахунок іде на хвилини. Малаяламський «Traffic» вважають одним із перших фільмів місцевої нової хвилі; згодом вийшов гінді-ремейк із тією ж назвою.",https://www.imdb.com/title/tt1821682/
tt2024544,12 Years a Slave,12 років рабства,2013,8.1,793071,"США, Велика Британія",США,англ.,Соціальна драма,Biography; Drama; History,реальна історія,,,"Соломон Нортап, вільний скрипаль із Нью-Йорка, 1841 року поїхав на заробіток до Вашингтона, де його напоїли, викрали й продали на Південь; додому він повернувся аж через дванадцять років і одразу видав книжку спогадів. Стів Макквін екранізує її майже дослівно, довгими нерозрізаними планами — сцена із зашморгом триває так, що глядач починає рахувати секунди. Чіветел Еджіофор у головній ролі, Лупіта Ніонго — «Оскар» за другий план, фільм — за найкращий. Знімали на справжніх луїзіанських плантаціях.",https://www.imdb.com/title/tt2024544/
tt1979320,Rush,Гонка,2013,8.1,565234,"Велика Британія, Німеччина, США",Британія та Ірландія,англ.,Спорт,Biography; Drama; Sport,реальна історія,,,"Сезон Формули-1 1976 року: британець Джеймс Гант і австрієць Нікі Лауда б'ються за титул, поки Лауда не згорає у «Феррарі» на Нюрбурґрінзі — і через сорок днів повертається за кермо. Рон Говард знімає подвійний портрет: Кріс Гемсворт грає безладного гедоніста, Даніель Брюль — інженера, який рахує ризик у відсотках. Лауда консультував зйомки і схвалив результат. Ворожнечу загострено — поза трасою пілоти приятелювали і якийсь час навіть жили в одній квартирі.",https://www.imdb.com/title/tt1979320/
tt2659414,Miracle in Cell No. 7,Диво в камері №7,2013,8.1,26420,Південна Корея,Східна Азія,кор.,Соціальна драма,Comedy; Drama,натхненний реальними подіями,,,"Відправна точка — судова помилка 1972 року в Чхунчхоні, де Чон Вон Сопа під тиском змусили зізнатися у вбивстві дівчинки, а виправдали лише через 36 років. Лі Хван Кьон переносить дію в 1997-й і робить із цього сентиментальну трагікомедію: батько з інтелектуальною інвалідністю та шестеро співкамерників, які потайки проносять до камери його маленьку доньку. Фільм зібрав понад 12 мільйонів глядачів у Кореї й породив щонайменше п'ять іноземних рімейків.",https://www.imdb.com/title/tt2659414/
tt1895587,Spotlight,У центрі уваги,2015,8.1,539626,США,США,англ.,Суд і журналістика,Biography; Crime; Drama,реальна історія,,,"2001 року новий редактор Boston Globe Мартін Барон доручив відділу Spotlight перевірити справу священника Джона Ґеоґана — і за пів року журналісти вийшли на систему, якою архідієцезія десятиліттями переводила педофілів із парафії в парафію. Том Маккарті знімає це без жодних ефектів: телефонні дзвінки, судові архіви, розмови з потерпілими на кухнях. «Оскари» за фільм і сценарій; редакція консультувала знімальну групу, а серія публікацій зрештою розрослася на сотні матеріалів.",https://www.imdb.com/title/tt1895587/
tt4934950,Talvar,Лезо,2015,8.1,43894,Індія,Індія,гінді,Суд і журналістика,Crime; Drama; Mystery; Thriller,реальна історія,так,,"Ніч на 16 травня 2008 року в Нойді: у своїй кімнаті знаходять мертвою школярку Аруші Талвар, наступного дня на даху — тіло слуги Хемраджа. Меґхна Ґулзар за сценарієм Вішала Бхардваджа вибудовує три несумісні реконструкції — місцевої поліції, першої слідчої групи й другої — і жодну не подає як остаточну. Ірфан Хан грає слідчого, який програє не злочинцям, а бюрократії. Батьків дівчини засудили 2013-го й виправдали 2017 року; справа й досі нерозкрита.",https://www.imdb.com/title/tt4934950/
tt2119532,Hacksaw Ridge,Із міркувань совісті,2016,8.1,693903,США / Австралія,США,англ.,Війна,Biography; Drama; History; War,реальна історія,,,"Десмонд Досс, адвентист сьомого дня з Вірджинії, пішов на війну санітаром і відмовився навіть тримати гвинтівку — за що його цькували у власній роті й судили; у травні 1945-го на скелі Маеда під Окінавою він за одну ніч спустив униз десятки поранених. Мел Гібсон ділить фільм навпіл: тиха вірджинська перша година й натуралістична різанина в другій. Ендрю Гарфілд грає впертість без святенництва; два «Оскари» — за монтаж і зведення звуку.",https://www.imdb.com/title/tt2119532/
tt1950186,Ford v Ferrari,Ford проти Ferrari,2019,8.1,583790,США / Франція,США,англ.,Спорт,Action; Biography; Drama; Sport,реальна історія,,,"Коли Енцо Феррарі зірвав продаж компанії Генрі Форду II, у Дірборні вирішили побити його на трасі — і покликали колишнього гонщика Керролла Шелбі, а той тягне за собою впертого механіка Кена Майлза. Джеймс Мангольд знімає перегони плівкою, з мінімумом графіки, і половину напруги виносить у кабінети Дірборна, де корпорація заважає власній команді. Метт Деймон і Крістіан Бейл, два «Оскари» — за монтаж і звук. Наказ фінішувати трьома машинами в ряд у Ле-Мані 1966-го реальний.",https://www.imdb.com/title/tt1950186/
tt10324144,Article 15,Стаття 15,2019,8.1,41852,Індія,Індія,гінді,Кримінал,Crime; Drama; Mystery; Thriller,натхненний реальними подіями,так,,"Стаття 15 Конституції Індії забороняє дискримінацію за кастою, релігією чи статтю — назва працює як докір. Молодий офіцер поліції з делійського середовища отримує призначення в село в Уттар-Прадеші, де зникли три дівчинки з далітської родини, і швидко бачить, що підлеглі не вважають це справою. Анубхав Сінха відштовхувався від справи в Бадауні 2014 року й від публічного шмагання далітів в Уні. Аюшманн Кхуррана грає чужинця, чиє незнання власної країни й становить сюжет.",https://www.imdb.com/title/tt10324144/
tt9851854,Major,Майор,2022,8.1,34547,Індія,Індія,телугу,Війна,Action; Biography; Drama; History,реальна історія,,,"26 листопада 2008 року бойовики захопили кілька об'єктів у Мумбаї, і майора Сандіпа Уннікрішнана з групи NSG кинули на звільнення готелю Taj Mahal Palace, де він загинув наступного дня, витягуючи поранену колегу. Саші Кіран Тікка більшу частину хронометражу віддає не штурму, а Бангалору: школі, батькам, коханню, військовій академії. Адіві Сеш зіграв головну роль і написав сценарій, продюсував Махеш Бабу. Знімали одночасно телугу й гінді; посмертно Уннікрішнану присвоїли «Ашока Чакру».",https://www.imdb.com/title/tt9851854/
tt14961016,I'm Still Here,Я досі тут,2024,8.1,171175,Бразилія,Латинська Америка,порт.,Політика та історія,Biography; Drama; History,реальна історія,,,"Ріо, січень 1971-го: люди в цивільному забирають з дому колишнього конгресмена Рубенса Пайву «для свідчень», і він не повертається; його дружину Еуніс і доньку теж тримають під вартою. Волтер Саллес екранізував мемуари сина, Марселу Рубенса Пайви, охопивши понад сорок років — аж до свідоцтва про смерть, виданого 1996-го. Еуніс, яка у сорок вісім стала юристкою й захищала права корінних народів, грає Фернанда Торрес, у пізніх сценах — Фернанда Монтенеґро. Перший «Оскар» в історії бразильського кіно.",https://www.imdb.com/title/tt14961016/
tt27118357,Amaran,Амаран,2024,8.1,24413,Індія,Індія,тамільська,Війна,Action; Adventure; Biography; Drama; War,реальна історія,,,"Майор Мукунд Варадараджан загинув 25 квітня 2014 року в бою з бойовиками в Шопіані на півдні Кашміру й посмертно отримав «Ашока Чакру» — найвищу нагороду Індії за мужність поза війною. Раджкумар Періасамі будує фільм навколо його стосунків із дружиною Індгу Ребеккою Варґезе, тож половина хронометражу — це знайомство, весілля й побут військової родини. Сівакартікеян і Саї Паллаві грають подружжя; основа — нарис зі збірки «India's Most Fearless».",https://www.imdb.com/title/tt27118357/
tt0270053,Vizontele,Візонтеле,2001,8.0,41553,Туреччина,Близький Схід і Африка,тур.,Соціальна драма,Comedy; Drama; History,натхненний реальними подіями,,,"Літо 1974-го, глухе містечко в Хаккярі на південному сході Туреччини: держава надсилає перший телевізор, і селище ділиться на тих, хто чекає дива, і тих, хто бачить загрозу. Їлмаз Ердоган, який там виріс, зіграв міського дивака Еміна й поставив фільм за власними спогадами разом з Омером Фаруком Сораком. Комедія поступово темніє: за кадром іде турецька операція на Кіпрі. Один із найкасовіших турецьких фільмів свого часу.",https://www.imdb.com/title/tt0270053/
tt0408664,Nobody Knows,Ніхто не знає,2004,8.0,35934,Японія,Східна Азія,японська,Соціальна драма,Drama,реальна історія,,,"1988 року в токійському районі Сугамо виявили чотирьох дітей, яких мати покинула в орендованій квартирі. Хірокадзу Корееда розтягує історію на рік, від літа до літа, і дивиться на неї очима дванадцятирічного Акіри, що стає дорослим замість матері: рахує гроші, пере, ходить по продукти. Камера тримається на рівні дітей, дорослі майже не потрапляють у кадр. Юя Яґіра у чотирнадцять став наймолодшим переможцем Канн за чоловічу роль.",https://www.imdb.com/title/tt0408664/
tt0352248,Cinderella Man,Нокдаун (Попелюшка),2005,8.0,210606,США,США,англ.,Спорт,Biography; Drama; Romance,реальна історія,,,"Джеймс Дж. Бреддок втратив кар'єру через переламану руку й у Велику депресію розвантажував судна в доках Нью-Джерсі, а 1935-го несподівано побив чемпіона Макса Бера. Рон Говард знімає передусім сімейну драму: борги, вимкнене опалення, дружина Мей — і аж потім ринг. Рассел Кроу і Пол Джаматті грають дуетом боксера й менеджера Джо Ґулда; родина Бера публічно дорікала фільму за те, що з реального боксера зробили карикатурного вбивцю.",https://www.imdb.com/title/tt0352248/
tt0454921,The Pursuit of Happyness,У гонитві за щастям,2006,8.0,629054,США,США,англ.,Автобіографія,Biography; Drama,реальна історія,,,"Сан-Франциско початку 1980-х: Кріс Ґарднер вклав заощадження в апарати для сканування кісткової тканини, які майже не продаються, і водночас іде на неоплачуване стажування в брокерську фірму Dean Witter. Ґабріеле Муччино будує фільм на побуті — черги в притулок, ночівля в туалеті метро, син на руках між дзвінками клієнтам. Вілл Сміт грає в парі з власним сином Джейденом і отримав номінацію на «Оскар». У реальності син Ґарднера був немовлям, а бездомним той пробув близько року.",https://www.imdb.com/title/tt0454921/
tt0758758,Into the Wild,У диких умовах,2007,8.0,698732,США,США,англ.,Катастрофа і виживання,Adventure; Biography; Drama,реальна історія,,,"1990 року випускник Еморі Крістофер Мак-Кендлесс роздав заощадження, кинув машину й документи і два роки мандрував Штатами під іменем Александр Супербродяга; у серпні 1992-го його знайшли мертвим у покинутому автобусі на Алясці. Шон Пенн екранізував книжку Джона Кракауера, перемежувавши аляскинські місяці зі спогадами про людей, яких Кріс зустрів дорогою. Еміль Гірш схуд на два десятки кілограмів, Гел Голбрук отримав номінацію на «Оскар», музику написав Едді Веддер.",https://www.imdb.com/title/tt0758758/
tt0401383,The Diving Bell and the Butterfly,Скафандр і метелик,2007,8.0,113157,Франція / США,Європа,фр.,Медицина та виживання,Biography; Drama,реальна історія,,,"У грудні 1995-го 43-річний головний редактор французького Elle Жан-Домінік Бобі пережив інсульт стовбура мозку й прокинувся паралізованим, зберігши рух лише лівої повіки. Джуліан Шнабель майже пів фільму тримає камеру Януша Камінського всередині цього ока: розмиті обличчя, кліпання, повільний підбір літер логопедом. Так була продиктована книжка, що вийшла за два дні до смерті Бобі. Каннський приз за режисуру і чотири номінації на «Оскар».",https://www.imdb.com/title/tt0401383/
tt0808417,Persepolis,Персеполіс,2007,8.0,106929,Франція / США,Європа,фр.,Автобіографія,Animation; Biography; Drama; History; War,реальна історія,,,"Маржан Сатрапі намалювала автобіографію про Тегеран після 1979 року: страта улюбленого дядька, війна з Іраком, обов'язкова хустка в школі, а далі — самотні підліткові роки у Відні. Разом із Венсаном Паронно вона перенесла графічний роман на екран, зберігши грубу чорно-білу графіку замість мультиплікаційної гладкості. Фільм отримав приз журі Каннського фестивалю, а офіційний Тегеран назвав його антиіранським.",https://www.imdb.com/title/tt0808417/
tt0861739,Elite Squad,Елітний загін,2007,8.0,120862,Бразилія,Латинська Америка,порт.,Кримінал,Action; Crime; Drama; Thriller,натхненний реальними подіями,так,,"1997 рік, Ріо готується до візиту Івана Павла II, і поліція має «зачистити» фавелу поблизу резиденції понтифіка. Жозе Паділья екранізував книжку колишнього офіцера BOPE Родріґу Піментела, написану разом із Луїсом Едуарду Соарешем і Андре Батістою, а розповідь веде вигорілий капітан Насіменту у виконанні Ваґнера Моури. «Золотий ведмідь» Берлінале-2008 і водночас гучна суперечка вдома: частина бразильських критиків побачила у фільмі виправдання катувань.",https://www.imdb.com/title/tt0861739/
tt1220719,Ip Man,Іп Ман,2008,8.0,244945,Гонконг / Китай,Східна Азія,кант.,Спорт,Action; Biography; Drama; War,натхненний реальними подіями,,Реальний Іп Ман не влаштовував поєдинків із японськими офіцерами і не був народним героєм опору; більшість подій фільму вигадані.,"Фошань кінця 1930-х: заможний майстер віньчунь Іп Ман тренується для себе, поки японська окупація не позбавляє його дому. Вілсон Іп ставить класичну гонконзьку драму з боями у постановці Саммо Хуна, а Донні Єн грає стриманого інтелігента, а не крикливого героя. Стрічка перезапустила моду на кунг-фу-байопіки. З біографією збігається небагато: справжній Іп служив у поліції, з японцями не бився і 1949 року виїхав до Гонконгу, де згодом навчав Брюса Лі.",https://www.imdb.com/title/tt1220719/
tt1171701,The Breath,Подих: хай живе Батьківщина,2009,8.0,37147,Туреччина,Близький Схід і Африка,турецька,Війна,Action; Drama; Thriller,натхненний реальними подіями,так,"Турецький воєнний фільм із виразно націоналістичним тоном; конкретна застава й перебіг бою художньо змодельовані, критики оцінювали стрічку як пропагандистську.","Початок 1990-х, ретрансляційна застава в горах на південному сході Туреччини: сорок спецпризначенців чекають нападу, який усі вважають неминучим. Левент Семерджі знімав за оповіданнями Хакана Евренселя, тож конкретної застави за сюжетом немає — є зібраний із багатьох випадків побут: холод, радіоперехоплення, дзвінки додому. Мете Горозоглу грає капітана, для якого чекання виявляється важчим за сам бій. У турецькому прокаті фільм чотири тижні поспіль тримав перше місце.",https://www.imdb.com/title/tt1171701/
tt1504320,The King's Speech,Промова короля,2010,8.0,736079,Велика Британія / США / Австралія,Британія та Ірландія,англ.,Політика та історія,Biography; Drama; History,реальна історія,,,"Георг VI успадкував трон після зречення брата і 1939 року мусив звернутися по радіо до країни, що вступала у війну, — при тому, що все життя заїкався. Том Гупер будує фільм на сеансах з австралійським логопедом Лайонелом Лоґом (Джеффрі Раш), чиї щоденники знайшов онук; Колін Ферт дістав за роль «Оскар», а фільм — ще три, включно з найкращим. Камера тримається незручно близько, кімнати обдерті. Хронологію стиснуто: насправді Лоґ працював із королем ще з 1926 року.",https://www.imdb.com/title/tt1504320/
tt1555149,Elite Squad: The Enemy Within,Елітний загін: Ворог усередині,2010,8.0,92968,Бразилія,Латинська Америка,порт.,Кримінал,Action; Crime; Drama; Thriller,натхненний реальними подіями,так,,"Друга частина Жозе Падільї починається з бунту у в'язниці Бангу-1 і виводить полковника Насіменту (Вагнер Моура) зі штурмової групи БОПЕ в кабінет секретаріату безпеки Ріо, звідки видно головне: фавели переділили не наркоторговці, а поліцейські «ополчення» разом із депутатами. Матеріал зібрано з реальних подій 2000-х — бунт 2002 року, зростання мілісій, парламентські комісії. Найкасовіший бразильський фільм в історії прокату. Персонажі вигадані, але прототипи в Ріо впізнавали без підказок.",https://www.imdb.com/title/tt1555149/
tt2070649,Silenced,Тигель,2011,8.0,28209,Південна Корея,Східна Азія,кор.,Суд і журналістика,Crime; Drama; Thriller,реальна історія,так,,"У школі-інтернаті для глухих дітей Інхва в Кванджу директор і вчителі роками ґвалтували й били учнів, а суд 2005 року роздав винним переважно умовні терміни. Хван Дон-хьок екранізував роман Кон Джі-йон, ведучи розповідь через нового вчителя малювання; Гон Ю сам домігся, щоб фільм зняли. Після прем'єри школу закрили, справу переглянули, а парламент ухвалив «закон Тогані» про суворіші покарання за насильство над дітьми й людьми з інвалідністю.",https://www.imdb.com/title/tt2070649/
tt2377938,Special 26,Спецгрупа 26,2013,8.0,62870,Індія,Індія,гінді,Кримінал,Crime; Drama; History; Thriller,реальна історія,так,,"19 березня 1987 року група чоловіків у формі увійшла до ювелірного дому Tribhovandas Bhimji Zaveri біля бомбейської Opera House, оголосила «рейд CBI» і винесла коштовності; виконавців так і не знайшли. Нірадж Пандей відтворює кінець 1980-х із телефонами-автоматами й паперовими ордерами, а поруч із аферистами веде лінію офіцера, що йде по їхньому сліду. Акшай Кумар грає без жодного бойовика: працюють блеф і папірець із печаткою. Розв'язку сценаристи домислили — реальна справа лишилася нерозкритою.",https://www.imdb.com/title/tt2377938/
tt2084970,The Imitation Game,Гра в імітацію,2014,8.0,883719,"Велика Британія, США",Британія та Ірландія,англ.,Наука і технології,Biography; Drama; Thriller; War,реальна історія,так,"Численні викривлення: вигадана лінія зі шпигуном Кернкроссом і шантажем, конфлікт із командою та роль Тюрінга в шифруванні подані неточно; історики назвали фільм одним із найменш достовірних байопіків.","Блетчлі-Парк, 1939–1945: Алан Тюрінг будує електромеханічну машину проти «Енігми», а рамкою слугує допит у манчестерському відділку 1951 року, після якого його засудять за «непристойність» і піддадуть гормональній терапії. Мортен Тільдум екранізував біографію Ендрю Годжеса, сценарій Ґрема Мура отримав «Оскар», Камбербетч і Кіра Найтлі — номінації. Історики дорікають фільму за вигадану лінію шантажу з боку радянського агента Джона Кернкросса й за применшення ролі команди та польських криптологів.",https://www.imdb.com/title/tt2084970/
tt1663202,The Revenant,Легенда Г'ю Ґласса,2015,8.0,958814,США,США,англ.,Катастрофа і виживання,Action; Drama; Western,натхненний реальними подіями,,"Лінія помсти за вбитого сина вигадана — у реального Г'ю Ґласса не було сина-індіанця, і він, за джерелами, зрештою пробачив тих, хто його покинув.","Серпень 1823-го, верхів'я Міссурі: траппера Г'ю Ґласса шматує ведмедиця, супутники кидають його непохованим, а він повзе й іде сотні кілометрів до форту. Алехандро Ґ. Іньярріту знімав хронологічно, на натурі й лише при денному світлі — камера Емманюеля Любескі майже не відпускає обличчя. Три «Оскари», зокрема перший для Леонардо ДіКапріо. Від справжньої історії лишився кістяк: у Ґласса не було сина-метиса, а кривдника він, знайшовши, не вбив.",https://www.imdb.com/title/tt1663202/
tt3449292,Manjhi: The Mountain Man,Манджі: Людина-гора,2015,8.0,21415,Індія,Індія,гінді,Соціальна драма,Biography; Drama,реальна історія,,,"Дашратх Манджі з села Ґехлаур у Біхарі втратив дружину тому, що через скелястий кряж дорога до лікарні тягнулася десятки кілометрів в обхід. Із 1960 року він двадцять два роки довбав у скелі прохід молотком і зубилом — і зрештою скоротив шлях до кількох кілометрів. Кетан Мехта будує фільм на цій виснажливій повторюваності й на кастовій зневазі довкола; Наваззуддін Сіддікі грає Манджі впертим і трохи схибленим, Радгіка Апте — його дружину Фаґунію.",https://www.imdb.com/title/tt3449292/
tt4888834,Ennu Ninte Moideen,"Назавжди твій, Мойдін",2015,8.0,7680,Індія,Індія,малаялам,Соціальна драма,Biography; Drama; Romance,реальна історія,,,"Б. П. Мойдін і Канчанамала виросли в містечку Муккам у Кералі — він із мусульманської родини, вона з індуїстської, і рідні заборонили їм навіть бачитися. Роками вони листувалися через посередників, користуючись власною вигаданою абеткою, і прожили в цій розлуці більшу частину життя. Р. С. Вімал готував фільм майже десять років; Прітхвірадж Сукумаран і Парваті Тіруотху грають пару, яку глядач майже ніколи не бачить в одному кадрі.",https://www.imdb.com/title/tt4888834/
tt3741834,Lion,Лев,2016,8.0,268480,Австралія / Велика Британія / США,Австралія і Океанія,"англ., гінді, бенгальська",Соціальна драма,Biography; Drama,реальна історія,,,"1986 рік: п'ятирічний Саро засинає в порожньому вагоні на станції під Кхандвою й прокидається за півтори тисячі кілометрів у Калькутті, де не знає ні мови, ні назви свого села. Ґарт Девіс віддає майже всю першу годину дитині — Санні Павар грає без жодної англійської репліки — і лише потім переходить до дорослого Саро (Дев Патель), який роками водить курсором по супутникових знімках. Ніколь Кідман грає прийомну матір, яка свідомо брала чужу дитину, а не заміну власній. Шість номінацій на «Оскар», жодної статуетки.",https://www.imdb.com/title/tt3741834/
tt4169250,M.S. Dhoni: The Untold Story,М. С. Дхоні: Нерозказана історія,2016,8.0,76996,Індія,Індія,гінді,Спорт,Biography; Drama; Sport,реальна історія,,,"Нірадж Пандей веде Магендру Сінґха Дгоні від дитинства в Ранчі й роботи квитковим контролером на станції Харагпур до капітанства і фіналу Кубка світу 2011 року. Сушант Сінгх Раджпут довго вчився повторювати техніку Дгоні, зокрема його «гелікоптерний» удар, а у фінальні сцени вмонтовані справжні телетрансляції. Фільм робився за участі самого гравця, тож суперечливі епізоди кар'єри обходить обережно — це радше авторизований портрет, ніж розслідування.",https://www.imdb.com/title/tt4169250/
tt6315524,Take Off,Зліт,2017,8.0,8242,Індія,Індія,малаялам,Катастрофа і виживання,Action; Drama; Thriller,реальна історія,так,,"Коли влітку 2014-го ІДІЛ узяв Тікріт, у місцевому шпиталі опинилися заблокованими десятки індійських медсестер із Керали; вивозили їх через переговори за участі дипломатів. Магеш Нараянан у режисерському дебюті починає не з війни: перша година — про розлучення, борги й те, чому жінки взагалі їдуть працювати в Ірак. Парваті Тіруватху зібрала за головну роль кілька нагород, Фахад Фаасіл грає посадовця в Багдаді. Приватні лінії й імена героїнь вигадані, сама операція — ні.",https://www.imdb.com/title/tt6315524/
tt8108268,The Tashkent Files,Ташкентські файли,2019,8.0,39480,Індія,Індія,гінді,Політика та історія,Drama; Mystery; Thriller,реальна історія,так,"Розслідування, комісія та всі персонажі вигадані; фільм просуває непідтверджені конспірологічні версії смерті Лала Бахадура Шастрі й був розкритикований як політичне замовлення.","11 січня 1966 року, за кілька годин після підписання Ташкентської декларації з Пакистаном, помер прем'єр-міністр Індії Лал Бахадур Шастрі; розтину не проводили, і це живить теорії донині. Вівек Аґніхотрі будує фільм як засідання комісії: журналістка (Швета Басу Прасад) і десяток експертів (Мітхун Чакраборті, Насіруддін Шах, Панкадж Тріпатхі) годинами сперечаються майже без дії. Відповіді картина не дає. Критика розгромила її за конспірологію та джерела рівня пошукового запиту, хоча дві національні кінопремії стрічка отримала.",https://www.imdb.com/title/tt8108268/
tt8633462,"Quo Vadis, Aida?","Куди йдеш, Аїдо?",2020,8.0,42273,Боснія і Герцеговина,Європа,боснійська,Війна,Drama; History; War,реальна історія,,,"Липень 1995-го, Сребрениця: після входу військ Ратка Младича до міста тисячі людей збігаються на базу нідерландського батальйону ООН у Поточарі, а перекладачка Аїда Селманаґіч намагається внести чоловіка й двох синів до списків персоналу, щоб їх не видали. Ясміла Жбанич веде камеру за нею коридорами й натовпом майже без пауз: героїня знає більше за всіх і не може зарадити нічому. Аїда — збірний персонаж, решта хронології відтворена за матеріалами трибуналу. Європейська кінопремія за найкращий фільм і номінація на «Оскар».",https://www.imdb.com/title/tt8633462/
tt11581174,Karnan,Карнан,2021,8.0,25307,Індія,Індія,тамільська,Соціальна драма,Action; Drama,натхненний реальними подіями,,,"Марі Селварай відштовхується від погрому 1995 року в тамільському селі Кодіянкулам, де поліція розгромила будинки далітської громади. У фільмі село Подіянкулам не має навіть автобусної зупинки, і молодий Карнан (Данущ) переходить від дрібного бунту до відкритого спротиву. Оповідь насичена міфологічними образами — безголова богиня, спутаний осел, орел — і музикою Сантоша Нараянана. Це радше алегорія кастового насильства, ніж реконструкція конкретних подій.",https://www.imdb.com/title/tt11581174/
tt10919240,Malik,Малік,2021,8.0,15334,Індія,Індія,малаялам,Політика та історія,Action; Adventure; Biography; Crime; Drama; Thriller,натхненний реальними подіями,так,,"Махеш Нараянан відштовхується від розстрілу поліцією протестувальників у Бімапаллі (Керала) 2009 року, але вигадує приморське містечко Рамадапаллі та його неформального лідера Алі Іккаку. Фільм починається з арешту п'ятдесятивосьмирічного героя і повертається назад — до контрабанди, будівництва мечеті й політиків, які роками стравлювали мусульманську та християнську громади. Фахад Фаасіл грає одну людину протягом сорока років; знімали у зворотному порядку, від старості до юності. Відкриває стрічку безперервний план на понад десять хвилин.",https://www.imdb.com/title/tt10919240/
tt24485052,Sirf Ek Bandaa Kaafi Hai,Досить одного чоловіка,2023,8.0,31325,Індія,Індія,гінді,Суд і журналістика,Crime; Drama; Thriller,реальна історія,так,,"2013 року шістнадцятирічна вихованка ашраму звинуватила проповідника Асарама Бапу у зґвалтуванні; справу в Джодхпурі вів адвокат П. Ч. Соланкі — одинак проти зірок індійської адвокатури та мільйонів послідовників гуру. Апурв Сінґх Каркі зняв майже камерний судовий фільм: засідання, свідки, тиск, напади на учасників процесу. Манодж Баджпаї грає Соланкі тихим і впертим. Асарама засудили до довічного 2018 року; стрічка вийшла одразу на ZEE5.",https://www.imdb.com/title/tt24485052/
tt0181875,Almost Famous,Майже знаменитий,2000,7.9,317034,США,США,англ.,Музика та мистецтво,Adventure; Comedy; Drama,натхненний реальними подіями,,,"Кемерон Кроу справді у п'ятнадцять писав для Rolling Stone і їздив у тури з рок-гуртами — з цього досвіду виріс образ Вільяма Міллера й вигаданого гурту Stillwater. Дія охоплює одне турне 1973 року, побачене очима підлітка, якому редакція наказала не заводити дружби з музикантами. Кроу отримав «Оскар» за сценарій; прототипом Пенні Лейн у виконанні Кейт Гадсон стала Пенні Лейн Трамбулл, реальна учасниця тодішньої фанатської сцени.",https://www.imdb.com/title/tt0181875/
tt0296574,Company,Компанія,2002,7.9,17341,Індія,Індія,гінді,Кримінал,Action; Crime; Drama,натхненний реальними подіями,,,"Рам Ґопал Варма переносить на екран розкол у мумбайському синдикаті D-Company — конфлікт між босом Маліком і його висуванцем Чанду, за якими прочитуються Давуд Ібрагім і Чхота Раджан. Дія тягнеться від вуличних сутичок у Мумбаї до Гонконгу й Кенії, куди верхівка тікає від поліції. Аджай Девґн і Вівек Оберой грають майже без пафосу, а нахилена камера й рваний монтаж зробили фільм зразком для індійського кримінального кіно 2000-х. Імена змінено, тож прототипів автори прямо не називали.",https://www.imdb.com/title/tt0296574/
tt0369702,The Sea Inside (Mar adentro),Море всередині,2004,7.9,89326,Іспанія/Франція/Італія,Європа,ісп.,Медицина та виживання,Biography; Drama,реальна історія,,,"Галісієць Рамон Сампедро зламав шию, пірнувши 1968 року, і майже тридцять років домагався через суди права піти з життя; він помер 1998-го. Алехандро Аменабар звужує все до кімнати з вікном на море й до розмов Рамона з жінками навколо нього — виходить не мітинг, а суперечка, де кожна сторона має аргумент. Хав'єр Бардем грав у гримі, що старив його на чверть століття; «Оскар» за іншомовний фільм і чотирнадцять «Гойя».",https://www.imdb.com/title/tt0369702/
tt1277737,The Stoning of Soraya M.,Побиття камінням Сорайї М.,2008,7.9,23330,США,США,"перс., англ.",Соціальна драма,Drama,реальна історія,,,"Село Купайє, 1986 рік: чоловік Сорайї Манучехрі, щоб одружитися вдруге й не платити утримання, зводить на неї наклеп про перелюб, і сільський суд ухвалює побиття камінням. Сайрус Ноурастех екранізував книжку французько-іранського журналіста Фрейдуна Сахебджама, який записав розповідь тітки страченої. Саме від цієї жінки, Захри у виконанні Шохре Аґдашлу, ведеться оповідь — вона зупиняє на дорозі чужинця з диктофоном. Сцену страти показано майже в реальному часі, і витримати її важко.",https://www.imdb.com/title/tt1277737/
tt0790636,Dallas Buyers Club,Далласький клуб покупців,2013,7.9,551758,США,США,англ.,Медицина та виживання,Biography; Drama,реальна історія,,,"1985 рік, Даллас: електрику й завсіднику родео Рону Вудруфу діагностують СНІД і дають 30 днів життя. Він знаходить незатверджені FDA препарати в Мексиці та Японії й починає постачати їх іншим хворим через «клуб покупців» із членськими внесками замість продажу. Метью Макконагі й Джаред Лето різко схудли для ролей і отримали «Оскари». Реальний Вудруф, за спогадами близьких, був бісексуалом і не таким гомофобом, як на екрані, а трансгендерна Рейон — вигаданий збірний персонаж.",https://www.imdb.com/title/tt0790636/
tt4387040,Airlift,Евакуація,2016,7.9,61777,Індія,Індія,гінді,Катастрофа і виживання,Drama; History,натхненний реальними подіями,,,"2 серпня 1990 року Ірак входить у Кувейт, і 170 тисяч індійців опиняються без держави, яка їх вивезе. Раджа Крішна Менон стягує реальних організаторів — Матхунні Метьюза й Веду Наяра — в одного вигаданого бізнесмена Ранджита Катьяла, якого грає Акшай Кумар. Це найбільша цивільна повітряна евакуація в історії: 488 рейсів Air India через Амман за 59 днів. Індійських дипломатів фільм показує пасивнішими, ніж вони були, — на це нарікали учасники подій.",https://www.imdb.com/title/tt4387040/
tt6878038,A Taxi Driver,Таксист,2017,7.9,38975,Південна Корея,Східна Азія,"корейська, англ.",Політика та історія,Action; Drama; History,реальна історія,,,"Німецький журналіст Юрґен Гінцпетер у травні 1980-го пробрався до заблокованого армією Кванджу і вивіз плівки, які вперше показали світові, як придушували повстання. Чан Хун розповідає це з боку сеульського таксиста (Сон Ган Хо), який погодився на рейс заради грошей і не розумів, куди їде. Перша половина майже комедійна, друга — ні. Реального водія Гінцпетер шукав усе життя і не знайшов; ідентифікували його вже після виходу фільму, а фінальна гонитва — вигадка сценаристів.",https://www.imdb.com/title/tt6878038/
tt6293516,Bingo: The King of the Mornings,Бінго: Король ранків,2017,7.9,7105,Бразилія,Латинська Америка,португ.,Музика та мистецтво,Biography; Comedy; Drama,реальна історія,,,"На початку 1980-х безвісний бразильський актор дістає роль клоуна в ранковому дитячому шоу — і стає найпопулярнішою людиною країни, якої без гриму ніхто не впізнає, бо контракт забороняє показувати обличчя. Прототип — Арліндо Баррето, перший бразильський Бозо, але через права героя перейменували на Бінго. Данієл Резенде, монтажер «Міста Бога», знімає це як карнавал, що поступово стає нічним кошмаром: кокаїн, розлучення, син, який бачить батька лише в телевізорі. Бразильська заявка на «Оскар».",https://www.imdb.com/title/tt6293516/
tt1727824,Bohemian Rhapsody,Богемна рапсодія,2018,7.9,653040,Велика Британія / США,Британія та Ірландія,англ.,Музика та мистецтво,Biography; Drama; Music,реальна історія,,"Хронологію переписано: Мерк'юрі дізнався про ВІЛ не перед Live Aid, гурт не розпадався, а низку конфліктів вигадано; учасники Queen були співпродюсерами фільму.","Від 1970-го, коли Фаррух Балсара приєднується до гурту Smile, до двадцяти хвилин на сцені Вемблі 13 липня 1985 року — виступ на Live Aid відтворено майже покадрово. Рамі Малек отримав «Оскар» за головну роль, усього фільм узяв чотири статуетки. Брайана Сінґера звільнили за кілька тижнів до кінця зйомок, доробляв Декстер Флетчер, але в титрах лишився Сінґер. Хронологію зсунуто свідомо: свій діагноз Мерк'юрі дізнався 1987-го, а розпаду гурту перед Live Aid не було взагалі.",https://www.imdb.com/title/tt1727824/
tt5116302,Togo,Того,2019,7.9,63004,США,США,англ.,Катастрофа і виживання,Adventure; Biography; Drama; Family; History,реальна історія,,,"Січень 1925-го, Аляска: у Номі спалах дифтерії, сироватку везуть естафетою собачих упряжок, і найдовший та найнебезпечніший відрізок — понад 400 кілометрів, зокрема кригу затоки Нортон — долає команда Леонарда Сеппали з дванадцятирічним ватажком Того. Еріксон Кор чергує дорогу з флешбеками про те, як Сеппала спершу хотів позбутися хирлявого цуценяти. Віллем Дефо грає майже без партнерів-людей. Фільм принагідно виправляє давню несправедливість: пам'ятник у Нью-Йорку дістався Балто, який пробіг останній, найкоротший етап.",https://www.imdb.com/title/tt5116302/
tt2395469,Gully Boy,Хлопець із нетрів,2019,7.9,47838,Індія,Індія,гінді,Музика та мистецтво,Drama; Music; Romance,натхненний реальними подіями,,,"Мурад живе в мумбайському Дхараві, возить чужу машину і пише реп у зошит — доки не бачить, що це можна виконувати вголос. Зоя Ахтар зібрала героя з біографій вуличних реперів Divine і Naezy, які писали для фільму тексти; Ранвір Сінгх і Алія Бгатт грають майже без боллівудського глянцю. Пісня Apna Time Aayega стала гімном індійської хіп-хоп-сцени. Індія висувала стрічку на «Оскар» 2020 року.",https://www.imdb.com/title/tt2395469/
tt7485048,Super 30,Супер 30,2019,7.9,42748,Індія,Індія,гінді,Соціальна драма,Biography; Drama,реальна історія,,,"Ананд Кумар із Патни не поїхав вчитися до Кембриджа через брак грошей і згодом почав щороку безкоштовно готувати тридцятьох дітей із найбідніших родин до вступних іспитів в IIT, оселяючи їх у себе вдома. Вікас Бахл будує сюжет на протистоянні Кумара з власником прибуткових комерційних курсів. Грітік Рошан у головній ролі викликав суперечки через затемнений грим, а індійські журналісти паралельно ставили під сумнів офіційну статистику успіхів «Super 30».",https://www.imdb.com/title/tt7485048/
tt10869778,Maidaan,Майдан,2024,7.9,23640,Індія,Індія,гінді,Спорт,Biography; Drama; History,реальна історія,,,"Саїд Абдул Рахім тренував збірну Індії з футболу з 1950 року й привів її до четвертого місця на Олімпіаді 1956-го в Мельбурні та золота Азійських ігор 1962 року в Джакарті — час, який досі називають золотою ерою. Аміт Шарма знімає це і як спортивну драму, і як історію апаратної війни: чиновники федерації, регіональні квоти, туберкульоз тренера. Аджай Девґан грає Рахіма стримано, а матчі зняті довгими планами з реальними футболістами.",https://www.imdb.com/title/tt10869778/
tt3562110,Kesari Chapter 2,Кесарі. Розділ 2,2025,7.9,16186,Індія,Індія,гінді,Суд і журналістика,Drama; History,реальна історія,,"Реальний процес Ч. Санкарана Наїра відбувався в Лондоні 1924 року і був програний ним; судова драма у фільмі, як і більшість персонажів, вигадана — критики вказували на грубу підміну фактів.","Після розстрілу в Джалліанвала-Багх 13 квітня 1919 року юрист Ч. Санкаран Наїр вийшов із виконавчої ради віцекороля і взявся доводити, що це була не паніка гарнізону, а спланована кара. Каран Сінгх Тьягі екранізував книжку правнука Наїра «Справа, що сколихнула імперію», перетворивши все на судову драму: Акшай Кумар проти Р. Мадгавана в ролі обвинувача корони. Реальний процес відбувся 1924 року в Лондоні за позовом Майкла О'Дваєра, і Наїр його програв — фільм поводиться з цим доволі вільно.",https://www.imdb.com/title/tt3562110/
tt26733325,Homebound,Дорога додому,2025,7.9,14361,Індія,Індія,гінді,Соціальна драма,Drama,натхненний реальними подіями,,,"Двоє друзів дитинства з північноіндійського села — Шоаїб із мусульманської родини й Чандан із далітської — готуються до іспиту в поліцію, бо форма для них єдиний спосіб перестати бути людьми другого сорту. Нірадж Ґхайван виходить із репортажу Башарата Піра в The New York Times про робітників-мігрантів, які під час локдауну 2020 року рушили додому пішки. Іщан Кхаттар і Вішал Джетва грають дружбу, яку роз'їдає не сварка, а нерівність шансів. Прем'єра в каннській програмі «Особливий погляд»; виконавчий продюсер — Мартін Скорсезе.",https://www.imdb.com/title/tt26733325/
tt0210945,Remember the Titans,Згадати титанів,2000,7.8,252730,США,США,англ.,Спорт,Biography; Comedy; Drama; Sport,реальна історія,,,"Восени 1971-го в Александрії (Вірджинія) три школи злили в одну — T.C. Williams, — і футбольну команду очолив чорношкірий тренер Герман Бун, посунувши популярного Білла Йоста в асистенти. Фільм тримається на дуеті Дензела Вашингтона й Вілла Паттона та на літньому таборі, де підлітки поволі вчаться грати разом. Реальна інтеграція в місті минула спокійніше, ніж на екрані, а команда й до того вважалася сильною: сценарій згустив конфлікт заради драми.",https://www.imdb.com/title/tt0210945/
tt0300140,Lilya 4-ever,Лілія назавжди,2002,7.8,56295,Швеція/Данія,Європа,рос./швед.,Соціальна драма,Crime; Drama,натхненний реальними подіями,,,"Поштовхом для Лукаса Мудіссона стала смерть шістнадцятирічної литовки Дангуоле Расалайте, яку 2000 року вивезли до Швеції і продали в проституцію. Режисер переносить дію в безіменне пострадянське містечко: мати їде до США, Лілю (Оксана Акіньшина) лишають саму, і єдиний її друг — молодший хлопчик Володя. Знято сухо, без жодної спроби пом'якшити, а фінал відомий уже з перших кадрів. У Швеції сперечалися, чи має західний режисер право на такий погляд на «схід».",https://www.imdb.com/title/tt0300140/
tt0325710,The Last Samurai,Останній самурай,2003,7.8,508628,США/Японія/Нова Зеландія,США,англ./яп.,Війна,Action; Drama,натхненний реальними подіями,,,"Сацумське повстання 1877 року, коли самураї на чолі з Сайґо Такаморі виступили проти армійських реформ Мейдзі, дало канву для вигаданого капітана Нейтана Олґрена; серед його прообразів називають французького офіцера Жуля Брюне. Едвард Цвік ставить у центр американця, який переймає кодекс переможених, — саме за це фільм і дорікали як історію «білого рятівника». Кен Ватанабе за роль Кацумото отримав номінацію на «Оскар».",https://www.imdb.com/title/tt0325710/
tt0373856,Gangaajal,Ґанґааджал,2003,7.8,19233,Індія,Індія,гінді,Кримінал,Action; Crime; Drama,натхненний реальними подіями,,,"Пракаш Джха переносить у вигадане біхарське містечко Тезпур відлуння «бгаґалпурських осліплень» 1979–80 років, коли поліція заливала кислоту в очі затриманим. Аджай Девґан грає нового суперінтенданта, який приїздить наводити лад і бачить, як самосуд подобається і підлеглим, і мешканцям. Це фільм не про розслідування, а про спокусу «швидкої справедливості» — і легкого виходу з неї він не пропонує.",https://www.imdb.com/title/tt0373856/
tt0402014,Ab Tak Chhappan,Уже п'ятдесят шість,2004,7.8,10115,Індія,Індія,гінді,Кримінал,Action; Crime; Drama,натхненний реальними подіями,,,"Назва — це рахунок: п'ятдесят шість убитих у «зіткненнях». Інспектор Садгу Аґаше з мумбайського відділу боротьби зі злочинністю відстрілює бандитів у під'їздах і на пустирях, поки політика й заздрість колег не обертаються проти нього самого. Прообразом став реальний «енкаунтер-спеціаліст» Дая Наяк, якого згодом самого притягли до відповідальності. Дебют Шиміта Аміна під продюсерством Рама Ґопала Варми знято сухо, майже без музики, а Нана Патекар грає ледь помітною мімікою.",https://www.imdb.com/title/tt0402014/
tt0387914,Innocent Voices (Voces inocentes),Невинні голоси,2004,7.8,8683,Мексика/США/Пуерто-Рико,Латинська Америка,ісп.,Війна,Drama; Thriller; War,реальна історія,так,,"Сценарист Оскар Торрес виріс у передмісті Сан-Сальвадора, де під час громадянської війни армія забирала хлопців до війська просто зі шкільних класів, щойно тим виповнювалося дванадцять. Луїс Мандокі показує рік життя Чави, який рахує місяці до цього дня рівно так само, як інші діти рахують до канікул. Політичних пояснень майже немає — війна тут існує на рівні кухні, подвір'я і бляшаного даху, під яким ховаються від куль.",https://www.imdb.com/title/tt0387914/
tt0358273,Walk the Line,Переступити межу,2005,7.8,282171,США/Німеччина,США,англ.,Музика та мистецтво,Biography; Drama; Music,реальна історія,,,"Джеймс Менголд веде Джонні Кеша від ферми в Арканзасі та смерті старшого брата — через прослуховування в Sun Records 1955-го, гастрольний конвеєр і амфетаміни — до концерту у в'язниці Фолсом 1968 року. Хребет сюжету — багаторічне тяжіння до Джун Картер, яка довго не хотіла мати з ним справи. Хоакін Фенікс і Різ Візерспун співали самі, без підміни голосів; Візерспун отримала «Оскар» за головну роль.",https://www.imdb.com/title/tt0358273/
tt0498380,Letters from Iwo Jima,Листи з Іводзіми,2006,7.8,177937,США,США,яп.,Війна,Action; Adventure; Drama; History; War,реальна історія,,,"Клінт Іствуд зняв цю картину одразу після «Прапорів наших батьків» — той самий бій за Іводзіму в лютому-березні 1945-го, але з японських тунелів. Опорою стали генерал Тадаміті Курібаясі (Кен Ватанабе), який відмовився від оборони на пляжі й наказав рити кілометри печер, та його листи додому. Майже все звучить японською, колір із кадру майже вимито. «Оскар» за монтаж звуку і номінація на найкращий фільм; у Японії стрічку прийняли надзвичайно тепло.",https://www.imdb.com/title/tt0498380/
tt0765429,American Gangster,Американський гангстер,2007,7.8,492153,США,США,англ.,Кримінал,Biography; Crime; Drama,реальна історія,,,"Наприкінці 1960-х гарлемський водій Френк Лукас перебирає бізнес по смерті боса й починає возити героїн просто з «Золотого трикутника», обходячи мафію-посередників; ловить його ньюаркський детектив Річі Робертс. Рідлі Скотт веде дві лінії паралельно, а Дензел Вашингтон грає ділка, який поводиться як обережний підприємець. Основа — репортаж Марка Джейкобсона в журналі New York. Чимало «фактів» Лукас вигадав сам: агенти DEA судилися через фільм, а історію з трунами так і не підтвердили.",https://www.imdb.com/title/tt0765429/
tt1190539,The Chaser,Переслідувач,2008,7.8,82104,Південна Корея,Східна Азія,корейська,Кримінал,Action; Crime; Drama,натхненний реальними подіями,,,"Ю Йон Чхоль убив у Сеулі понад двадцять людей у 2003-2004 роках, і затримали його через дзвінок із телефона жертви. Дебют На Хон Джіна перетворює це на нічну гонитву: колишній поліцейський, що звідникує (Кім Юн Сок), шукає зниклих дівчат, а вбивцю (Ха Джон У) поліція вже тримає в руках і не може втримати. Двигун сюжету — не загадка, а бюрократія, яка втрачає години. Хронологію і деталі справи змінено: від реального випадку лишився радше механізм провалу.",https://www.imdb.com/title/tt1190539/
tt1285016,The Social Network,Соціальна мережа,2010,7.8,826924,США,США,англ.,Наука і технології,Biography; Drama,реальна історія,,"Ключова мотивація героя (створення Facebook через розрив із дівчиною) вигадана; Марк Цукерберг і низка учасників подій заперечували значну частину зображеного, а сценарист визнавав свідому драматизацію.","Facebook виріс із гарвардського гуртожитку 2003 року, а далі були позови близнюків Вінклвоссів і витісненого співзасновника Едуардо Саверіна. Фінчер і сценарист Аарон Соркін будують фільм як дві паралельні депозиції, з яких складається свідомо суперечлива версія подій. Три «Оскари», зокрема за адаптований сценарій і музику Резнора з Россом; сам Цукерберг заперечував ключовий мотив — розрив із дівчиною, з якого нібито все й почалося.",https://www.imdb.com/title/tt1285016/
tt0964517,The Fighter,Боєць,2010,7.8,410592,США,США,англ.,Спорт,Action; Biography; Drama; Sport,реальна історія,,,"Ловелл, Массачусетс: боксер Міккі Ворд намагається пробитися нагору, поки його тренує зведений брат Діккі Еклунд — колишній суперник Шуґара Рея Леонарда, який осів на креку. Девід О. Расселл знімає радше сімейну драму, ніж спортивну: мати-менеджерка, сім сестер, нова дівчина Шарлін проти всіх. «Оскари» дісталися Крістіану Бейлу й Меліссі Лео, а бої знімали старими телевізійними камерами HBO, щоб вони виглядали як трансляція тих років.",https://www.imdb.com/title/tt0964517/
tt2013293,The Wind Rises,Вітер міцніє,2013,7.8,114816,Японія,Східна Азія,яп.,Наука і технології,Animation; Biography; Drama; History; Romance; War,натхненний реальними подіями,,,"Дзіро Хорікосі спроєктував для Mitsubishi винищувач A6M «Зеро», на якому Японія воювала до 1945-го. Хаяо Міядзакі змішує його біографію з повістю Тацуо Хорі й власними снами: інженер, який хоче будувати красиві літаки, живе в країні землетрусів, злиднів і мілітаризму. Це остання робота режисера перед оголошенням про відхід із великого метру. В Японії його критикували праві — за пацифізм, ліві — за поетизацію зброї, а в Кореї — за мовчання про підневільну працю.",https://www.imdb.com/title/tt2013293/
tt1535109,Captain Phillips,Капітан Філліпс,2013,7.8,522126,США,США,англ.,Катастрофа і виживання,Action; Biography; Crime; Drama; Thriller,реальна історія,так,,"Квітень 2009-го: четверо сомалійців на скіфі беруть на абордаж контейнеровоз Maersk Alabama, а згодом опиняються з капітаном у зачиненій рятувальній шлюпці, яку по п'ятах веде есмінець ВМС США. Пол Ґрінґрасс знімає майже без пауз, з рук, і віддає другу половину фільму замкненому простору. Барход Абді, якого знайшли на відкритому кастингу в Міннеаполісі, вивів свого Мусе на номінацію «Оскара». Частина екіпажу згодом публічно оскаржувала версію Філліпса, звинувативши його в нехтуванні попередженнями про піратів.",https://www.imdb.com/title/tt1535109/
tt3169706,Pride,Гордість,2014,7.8,65605,Велика Британія,Британія та Ірландія,англ.,Соціальна драма,Biography; Comedy; Drama; History; Romance,реальна історія,,,"Улітку 1984-го, коли Тетчер ламала шахтарський страйк, купка лондонських геїв і лесбійок почала збирати гроші для шахтарського селища в Південному Уельсі — і мусила ще переконати шахтарів ті гроші взяти. Меттью Ворчус знімає комедію про робітничу солідарність, де смішне не скасовує ні поліційних кийків, ні СНІДу, ні смерті засновника групи Марка Ештона у 26 років. В ансамблі Імелда Стонтон, Білл Наї, Домінік Вест, Педді Консідайн. «Квір-пальма» в Каннах.",https://www.imdb.com/title/tt3169706/
tt4168188,Chaar Sahibzaade,Чаар Сахібзааде,2014,7.8,8309,Індія,Індія,панджабі,Політика та історія,Animation; History,реальна історія,,,"Грудень 1704-го: після виходу з обложеного Анандпура старші сини ґуру Ґобінда Сінґха — сімнадцятирічний Аджіт і чотирнадцятирічний Джуджхар — гинуть у бою під Чамкауром, а молодших, дев'ятирічного Зоравара й шестирічного Фатеха, разом із бабусею Матою Ґуджрі схоплюють і за наказом Вазір-хана замуровують живцем у Сірхінді. Гаррі Баведжа зняв це як повнометражну панджабі-анімацію в 3D із закадровим голосом Ома Пурі. За сикхською традицією обличчя ґуру не зображують — його присутність передано світлом.",https://www.imdb.com/title/tt4168188/
tt1596363,The Big Short,Гра на пониження,2015,7.8,546092,США,США,англ.,Політика та історія,Biography; Comedy; Drama; History,реальна історія,,,"За книжкою Майкла Льюїса: лікар-невролог Майкл Беррі, трейдер Deutsche Bank і двоє новачків із гаражного фонду ще у 2005-му розгледіли, що іпотечні облігації набиті поганими кредитами, і купили страховки проти них. Адам Маккей пояснює CDO й дефолтні свопи прямими звертаннями до камери й камео Марґо Роббі та Ентоні Бурдена. Персонаж Стіва Керелла зветься Марком Баумом, але списаний зі Стіва Айсмана. «Оскар» за адаптований сценарій.",https://www.imdb.com/title/tt1596363/
tt1398426,Straight Outta Compton,Голос вулиць,2015,7.8,235657,США,США,англ.,Музика та мистецтво,Biography; Drama; History; Music; Musical,реальна історія,,,"Комптон, 1986–1995: Ізі-І вкладає гроші від вуличної торгівлі в лейбл Ruthless, Dr. Dre зводить біти, Айс К'юб пише тексти — і «Fuck tha Police» приносить гурту лист-попередження від ФБР. Ґері Ґрей доводить оповідь до розпаду складу, судів із менеджером Джеррі Геллером і смерті Ізі-І 1995 року, а Айс К'юба грає його власний син О'Ші Джексон-молодший. Продюсерами були Dre і Cube, і фільм мовчить про задокументовані напади Dr. Dre на жінок.",https://www.imdb.com/title/tt1398426/
tt3841424,Land of Mine,Під піском,2015,7.8,49686,"Данія, Німеччина",Європа,"дан., нім.",Війна,Drama; History; War,реальна історія,,,"Травень 1945-го, західне узбережжя Данії: близько двох тисяч німецьких полонених, більшість — зовсім юні, повзуть піском і знешкоджують міни голими руками; за оцінками, майже половина загинула або лишилася скаліченою. Мартін Зандвліт стягує це до одного пляжу й одного данського сержанта (Роланд Мьоллер), чия ненависть повільно дає тріщину. Луїс Гофманн грає старшого серед хлопців, який намагається тримати групу вкупі. Номінація на «Оскар» і незручна для Данії розмова про те, що робили переможці.",https://www.imdb.com/title/tt3841424/
tt4285496,Embrace of the Serpent,Обійми змія,2015,7.8,26047,"Колумбія, Венесуела, Аргентина",Латинська Америка,"ісп., португ., мови амазонських народів",Наука і технології,Adventure; Biography; Drama,реальна історія,,,"Сіро Ґерра сплітає два реальні щоденники: німець Теодор Кох-Ґрюнберґ мандрував колумбійською Амазонією 1909 року, американський ботанік Річард Еванс Шультес — у 1940-х. Обох веде той самий шаман Карамакате, спершу молодий, потім старий, у пошуках цілющої рослини яакруна. Знято на чорно-білу плівку, здебільшого мовами корінних народів, з акторами з амазонських громад. Перша колумбійська стрічка, номінована на «Оскар» за іншомовний фільм; Карамакате вигаданий, а каучукові місії та їхні наслідки — ні.",https://www.imdb.com/title/tt4285496/
tt4846340,Hidden Figures,Приховані фігури,2016,7.8,293112,США,США,англ.,Наука і технології,Biography; Drama; History,реальна історія,,,"Кетрін Джонсон рахувала траєкторії для орбітального польоту Джона Ґленна 1962 року, Дороті Вон перевчила свій відділ на програмування IBM, Мері Джексон через суд домоглася права ходити на курси в сегрегованій школі й стала інженеркою NASA. Теодор Мелфі стискає три біографії з книжки Марґо Лі Шеттерлі в один робочий рік у Ленглі. Кілька ефектних сцен вигадано — зокрема начальник, який збиває табличку «для кольорових»: реальна Джонсон просто ігнорувала ці правила.",https://www.imdb.com/title/tt4846340/
tt5600714,Laal Rang,Червоний колір,2016,7.8,5477,Індія,Індія,гінді,Кримінал,Comedy; Crime; Drama,натхненний реальними подіями,,,"Карнал, штат Гар'яна: студент лабораторного коледжу Раджеш прибивається до Шанкара, який заробляє на крові — виманює її в бідняків, підмінює аналізи, постачає лікарням. Сайєд Ахмад Афзал знімав у самому Карналі й спирався на схеми «кров'яної мафії», про які писала регіональна преса. Тон тут чорнокомедійний: життям торгують з інтонацією дрібних дилерів, які вірять у власну шляхетність. У прокаті 2016-го фільм провалився, але з роками зібрав культову аудиторію — насамперед завдяки роботі Рандіпа Гуди.",https://www.imdb.com/title/tt5600714/
tt3262342,Loving Vincent,"З любов'ю, Вінсент",2017,7.8,68786,Польща / Велика Британія,Європа,англ.,Музика та мистецтво,Animation; Drama; Mystery,реальна історія,,,"Овер-сюр-Уаз, 1891-й, через рік після пострілу: син листоноші Арман Рулен везе останній лист Вінсента до брата Тео й починає розпитувати всіх, хто бачив художника в останні тижні. Дорота Кобеля й Г'ю Велчмен спершу зняли гру акторів, а тоді 125 живописців перемалювали кожен кадр олією — понад 65 тисяч полотен у манері самого ван Гога. Спогади свідків подано чорно-білою графікою. Номінація на «Оскар» за анімаційний фільм; версію про вбивство фільм припускає, але не стверджує.",https://www.imdb.com/title/tt3262342/
tt5013056,Dunkirk,Дюнкерк,2017,7.8,823804,Велика Британія / Нідерланди / Франція / США,Британія та Ірландія,"англ., франц., нім.",Війна,Action; Drama; History; Thriller; War,реальна історія,так,,"Понад триста тисяч британських і французьких солдатів наприкінці травня 1940 року опинилися притиснутими до моря під Дюнкерком, і вивозили їх у тому числі цивільними катерами. Крістофер Нолан монтує три відрізки різної тривалості — тиждень на молу, день у морі, годину в повітрі, — які сходяться в одній точці. Діалогів мало, персонажі майже без біографій, знімали на 65-мм плівку та IMAX зі справжніми кораблями і «спітфайрами». Три «Оскари»: монтаж, звук і звуковий мікс.",https://www.imdb.com/title/tt5013056/
tt7218518,Pad Man,Людина-прокладка,2018,7.8,33016,Індія,Індія,гінді,Наука і технології,Comedy; Drama,реальна історія,,,"Арунахалам Муруганантам із Тамілнаду почав із того, що спробував зробити дешевшу прокладку для дружини, а закінчив верстатом, який тепер збирають жіночі кооперативи по всій Індії; дорогою від нього пішли дружина й мати. Р. Балкі переніс дію в Мадг'я-Прадеш і перейменував героя на Лакшміканта Чаухана, зберігши соромливість теми і впертість винахідника. Акшай Кумар грає без звичного героїзму, з комедійною ніяковістю. Головний ефект не в сюжеті: масове індійське кіно вперше вголос заговорило про менструацію.",https://www.imdb.com/title/tt7218518/
tt7362036,Dying to Survive,Я не бог ліків,2018,7.8,9244,Китай,Східна Азія,кит.,Медицина та виживання,Comedy; Drama,реальна історія,,,"Прообраз — Лу Юн, китайський підприємець із хронічним мієлолейкозом, який із середини 2000-х завозив із Індії дешеві дженерики іматинібу для тисяч пацієнтів і потрапив під суд за контрабанду. Вень Мує починає як комедію про дрібного торговця афродизіаками (Сюй Чжен) і поступово переводить її в драму про ціну ліків. Фільм зібрав понад 3 мільярди юанів і підштовхнув публічну дискусію, після якої Китай скасував мита на низку онкопрепаратів.",https://www.imdb.com/title/tt7362036/
tt1302006,The Irishman,Ірландець,2019,7.8,478169,США,США,"англ., італ.",Кримінал,Biography; Crime; Drama; History; Thriller,реальна історія,так,,"За книжкою Чарльза Брандта «I Heard You Paint Houses»: далекобійник Френк Ширан стає виконавцем для родини Буфаліно й водночас довіреною людиною профспілкового лідера Джиммі Гоффи, який зник у липні 1975 року. Скорсезе розтягує оповідь на пів століття й 209 хвилин, застосувавши цифрове омолодження Де Ніро, Пачіно та Пеші. Історики й журналісти здебільшого не вірять передсмертному зізнанню Ширана — фільм подає його версію як факт.",https://www.imdb.com/title/tt1302006/
tt16277242,Society of the Snow,Снігове братство,2023,7.8,176984,Іспанія,Європа,ісп.,Катастрофа і виживання,Adventure; Biography; Drama; History,реальна історія,,,"13 жовтня 1972-го літак уругвайських ВПС із командою регбістів на борту врізався в андійський льодовик; шістнадцятеро з сорока п'яти протрималися 72 дні, поки двоє не перейшли гори пішки. Х. А. Байона зняв це за книжкою Пабло В'єрсі, іспанською, з переважно недосвідченими уругвайськими та аргентинськими акторами, і віддав закадровий голос одному з тих, хто не вижив. Частину зйомок провели просто в Долині сліз. Дві номінації на «Оскар» — за іншомовний фільм і грим.",https://www.imdb.com/title/tt16277242/
tt13238346,Past Lives,Минулі життя,2023,7.8,177018,США,США,"англ., кор.",Автобіографія,Drama; Romance,натхненний реальними подіями,,,"Селін Сон переписала власну історію: дитиною вона виїхала з Сеула до Канади, а через роки її шкільний друг і чоловік-американець зустрілися за одним столом у Нью-Йорку. Фільм ділиться на три зустрічі з проміжками у 12 і 24 роки: дитинство, розмови по Skype, кілька днів у місті. Ґрета Лі, Тео Ю і Джон Маґаро грають майже без пояснень; ключове поняття — корейське «інйон», зв'язок, що тягнеться крізь життя. Дебют із номінаціями на «Оскар» за фільм і сценарій.",https://www.imdb.com/title/tt13238346/
tt14570440,Radical,Радикал,2023,7.8,7926,Мексика,Латинська Америка,ісп.,Соціальна драма,Drama,реальна історія,,,"Школа імені Хосе Урбіни Лопеса в прикордонному Матаморосі мала одні з найгірших результатів у Мексиці, доки вчитель Серхіо Хуарес Корреа не відклав підручники й не почав вести уроки через запитання самих дітей; його учениця Палома Нойола згодом показала найкращий бал з математики в країні. Крістофер Залла екранізував репортаж Джошуа Девіса для Wired. Еухеніо Дербес, відомий як комік, грає без жодного комедійного прийому; фільм отримав глядацький приз Санденсу.",https://www.imdb.com/title/tt14570440/
tt27470893,Chandu Champion,Чанду-чемпіон,2024,7.8,36726,Індія,Індія,гінді,Спорт,Action; Biography; Drama,реальна історія,,,"Мурліканта Петкара з махараштрійського містечка посікло кулями під час індійсько-пакистанської війни 1965 року; після років реабілітації він сів у басейн і 1972-го на Паралімпіаді в Гейдельберзі виграв 50 метрів вільним стилем зі світовим рекордом — перше золото Індії на Паралімпіадах. Кабір Хан веде розповідь від літнього Петкара, який прийшов до поліції зі скаргою на власну державу. Картік Ар'ян перебудував тіло під боксера й плавця одночасно.",https://www.imdb.com/title/tt27470893/
tt26658272,Amar Singh Chamkila,Амар Сінгх Чамкіла,2024,7.8,17901,Індія,Індія,панджабі,Музика та мистецтво,Biography; Drama; Music,реальна історія,,,"Дхані Рам із далітської родини під Лудхіяною став Амаром Сінгхом Чамкілою — найбільш продаваним панджабським співаком 1980-х, чиї відверті пісні слухали всі й публічно засуджували теж усі. 8 березня 1988 року його разом із дружиною й сценічною партнеркою Амарджот та двома музикантами розстріляли біля Джаландхара; убивць так і не знайшли. Імтіяз Алі перемішує ігрові сцени з анімацією, архівом і піснями А. Р. Рахмана, а розповідь ведуть ті, хто лишився. Ділджіт Досандж співає сам.",https://www.imdb.com/title/tt26658272/
tt30970235,Article 370,Стаття 370,2024,7.8,28891,Індія,Індія,гінді,Політика та історія,Action; Drama; Thriller,натхненний реальними подіями,так,"Односторонній політичний наратив, схвально поданий владою; агентка NIA та більшість сюжетних подій вигадані, критики називали фільм передвиборчою агітацією.","5 серпня 2019 року індійський уряд скасував статтю 370 Конституції, яка давала Джамму і Кашміру особливий статус. Адітья Джамбхале показує підготовку до цього кроку як шпигунський трилер: вигадана офіцерка Національного агентства розслідувань у Срінагарі й чиновниця з канцелярії прем'єра в Делі ведуть паралельні лінії — оперативну та юридично-парламентську. Ямі Ґаутам у головній ролі, темп щільний. Фільм вийшов за кілька тижнів до виборів 2024-го, і чимало критиків назвали його прямою агітацією.",https://www.imdb.com/title/tt30970235/
tt35301431,Latin Blood – The Ballad of Ney Matogrosso,Латинська кров: Балада про Нея Матогроссо,2025,7.8,6237,Бразилія,Латинська Америка,порт.,Музика та мистецтво,Biography; Drama; History; Music,реальна історія,,,"Ней Матогроссо злетів у 1970-х із гуртом Secos & Molhados — у гримі, пір'ї та з пластикою, яку військова диктатура читала як виклик. Есмір Філю екранізує біографію Жуліу Марії: дитинство в родині військового, важкі стосунки з батьком, слава і особисте життя, якого співак не приховував. Жезуїта Барбоза грає його від юності до зрілості, роблячи ставку на пластику й сценічну подачу. Оригінальна назва — «Homem com H», за однойменною піснею з репертуару Матогроссо.",https://www.imdb.com/title/tt35301431/
tt0265086,Black Hawk Down,Падіння «Чорного яструба»,2001,7.7,458438,США/Велика Британія,США,англ.,Війна,Action; Drama; History; War,реальна історія,,,"3 жовтня 1993 року рейнджери й «Дельта» мали за годину захопити двох помічників сомалійського генерала Айдіда — після того, як бойовики збили два гелікоптери, бій розтягнувся на добу. Рідлі Скотт екранізує репортажну книжку Марка Боудена майже без передісторії: весь фільм — вуличний хаос Могадішо очима десятків солдатів. Дві премії «Оскар», за монтаж і звук. Сомалійська сторона лишається безликою масою, хоча втрат там було в десятки разів більше, ніж 18 загиблих американців.",https://www.imdb.com/title/tt0265086/
tt0250258,Das Experiment,Експеримент,2001,7.7,99134,Німеччина,Європа,нім.,Наука і технології,Drama; Thriller,натхненний реальними подіями,так,,"Двадцятеро добровольців за чотири тисячі марок погоджуються два тижні грати в'язнів і наглядачів у фальшивій тюрмі, і ролі швидко перестають бути грою. Основа — Стенфордський експеримент Філіпа Зімбардо 1971 року, але Гіршбіґель екранізує роман Маріо Джордано «Чорна скринька» й доводить сюжет до вбивств і захоплення заручників, чого в Стенфорді не було. Моріц Бляйбтрой грає журналіста, який іде в експеримент по матеріал. Дивитися варто як трилер про механіку влади, а не як реконструкцію.",https://www.imdb.com/title/tt0250258/
tt0318411,The Magdalene Sisters,Сестри Магдалини,2002,7.7,30191,Ірландія/Велика Британія,Британія та Ірландія,англ.,Соціальна драма,Drama,реальна історія,,,"Пітер Маллан зводить долі трьох ірландок, яких 1964 року родини здають до дублінської пральні Магдалини: одну — бо завагітніла поза шлюбом, другу — бо її зґвалтував родич, третю — бо надто заглядалася на хлопців. Камера майже не виходить за мури: праця, побої, вивчена покора. «Золотий лев» Венеції та лють ватиканської преси; останню таку пральню в Ірландії закрили 1996 року, офіційне вибачення держави прозвучало 2013-го.",https://www.imdb.com/title/tt0318411/
tt0338309,Evil (Ondskan),Зло,2003,7.7,45010,Швеція/Данія,Європа,швед.,Автобіографія,Drama,реальна історія,,,"Швеція кінця 1950-х: підлітка Еріка Понті, якого вітчим б'є вдома, віддають до елітного інтернату, де старшокласники мають офіційне право карати молодших. Мікаель Гофстрем екранізує напівавтобіографічний роман Яна Ґійу, котрий сам пройшов через школу Солбакка. Андреас Вілсон грає хлопця, який вирішує не відповідати ударом — і саме цим доводить систему до сказу. Номінація на «Оскар» за найкращий іншомовний фільм.",https://www.imdb.com/title/tt0338309/
tt0350258,Ray,Рей,2004,7.7,166955,США,США,англ.,Музика та мистецтво,Biography; Drama; Music,реальна історія,,,"Рей Чарльз осліп у сім років, виріс у злиднях у Флориді й зліпив із госпелу, блюзу та кантрі звучання, якого до нього не існувало. Тейлор Гекфорд бере два десятиліття — від перших записів до героїнової залежності та відмови грати перед сегрегованою залою в Джорджії — і постійно перебиває їх спогадами про дитинство. Джеймі Фокс отримав за роль «Оскар»; сам Чарльз брав участь у підготовці, але до прем'єри не дожив.",https://www.imdb.com/title/tt0350258/
tt0318462,The Motorcycle Diaries,Щоденники мотоцикліста,2004,7.7,109703,Аргентина/США/Чилі/Перу/Велика Британія,Латинська Америка,ісп.,Автобіографія,Adventure; Biography; Drama,реальна історія,,,"1952 року 23-річний студент-медик Ернесто Ґевара і біохімік Альберто Ґранадо вирушили з Буенос-Айреса на розхитаному «Нортоні» через Чилі, Перу й Колумбію до Венесуели. Вальтер Саллес знімає це як дорожній фільм, де політика лишається на периферії: мідні копальні, руїни Мачу-Пікчу, лепрозорій у Сан-Пабло на Амазонці. Ґаель Ґарсія Берналь грає ще не «Че», а юнака з астмою, який поволі починає бачити нерівність довкола.",https://www.imdb.com/title/tt0318462/
tt0378284,Machuca,Мачука,2004,7.7,13276,Чилі/Іспанія/Велика Британія/Франція,Латинська Америка,ісп.,Політика та історія,Biography; Drama; History,натхненний реальними подіями,,,"Сантьяго, 1973-й: священник-директор приватної школи бере на навчання дітей із сусіднього нетрища, і хлопчик із заможної родини Ґонсало заводить дружбу з Педро Мачукою. Андрес Вуд спирався на власний шкільний досвід — прототипом отця Макенро став отець Ґерардо Вілан із коледжу Сент-Джордж, який справді проводив такий експеримент. Переворот 11 вересня входить у кадр не через хроніку, а через те, що з класу зникають однокласники. Усе знято з висоти дитячого зросту, і від цього різкіше.",https://www.imdb.com/title/tt0378284/
tt0480025,This Is England,Це — Англія,2006,7.7,135923,Велика Британія,Британія та Ірландія,англ.,Соціальна драма,Crime; Drama,натхненний реальними подіями,,,"Літо 1983-го, англійське приморське містечко: дванадцятирічний Шон, чий батько загинув на Фолклендах, прибивається до компанії скінхедів — спершу цілком мирної й багатонаціональної, поки з тюрми не повертається Комбо з гаслами Національного фронту. Шейн Медоуз писав це з власного підліткового досвіду й брав непрофесіоналів: Томас Тьорґуз до того не грав ніде. Стівен Ґрем робить із Комбо не карикатурного расиста, а зламану людину. Премія BAFTA за найкращий британський фільм.",https://www.imdb.com/title/tt0480025/
tt0389557,Black Book,Чорна книга,2006,7.7,84302,Нідерланди / Німеччина / Велика Британія / Бельгія,Європа,"нід., нім.",Війна,Drama; Thriller; War,натхненний реальними подіями,так,,"1944 рік, окупована Голландія: єврейка, що втратила родину, під чужим ім'ям входить до підпілля й влаштовується до штабу СД у Гаазі. Пауль Верговен зі співавтором Герардом Сутеманом збирали матеріал два десятиліття й зліпили героїню з кількох задокументованих випадків. Карісе ван Гаутен грає без ореолу мучениці, а фільм навмисно розмиває межу між Опором і колаборацією — за що вдома його і хвалили, і лаяли.",https://www.imdb.com/title/tt0389557/
tt0499375,Guru,Гуру,2007,7.7,26414,Індія,Індія,гінді,Соціальна драма,Drama,натхненний реальними подіями,,,"Мані Ратнам простежує, як сільський хлопець Ґурукант Десаї їде торгувати спеціями до Туреччини, повертається до Бомбея й будує текстильну імперію, обходячи ліцензійні правила. Прототип очевидний — Дхірубгай Амбані, засновник Reliance, хоча імена й деталі змінені. Абгішек Баччан грає його без осуду: фільм захоплюється зухвалістю героя і водночас рахує ціну, яку платять близькі, а фінальна промова перед комісією ставить питання про межу між підприємливістю й шахрайством.",https://www.imdb.com/title/tt0499375/
tt0443706,Zodiac,Зодіак,2007,7.7,685159,США,США,англ.,Кримінал,Crime; Drama; Mystery; Thriller,реальна історія,так,,"Наприкінці 1960-х убивця, що називав себе Зодіаком, застрелив і зарізав кількох людей у районі затоки Сан-Франциско й надсилав до газет шифри та листи. Девід Фінчер екранізує книжки карикатуриста Роберта Ґрейсміта (Джейк Джилленгол) і знімає не трилер, а хроніку виснаження: детектив Тоші (Марк Руффало), репортер Ейвері (Роберт Дауні-молодший) і сам Ґрейсміт роками перебирають папери. Кожну дату звіряли з архівами. Справа й досі офіційно не розкрита, а версія фільму щодо головного підозрюваного лишається спірною.",https://www.imdb.com/title/tt0443706/
tt0824747,Changeling,Підміна,2008,7.7,276255,США,США,англ.,Кримінал,Biography; Crime; Drama; History,реальна історія,,,"У березні 1928-го в Лос-Анджелесі зник дев'ятирічний Волтер Коллінз; за кілька місяців поліція привезла його матері Крістін іншого хлопчика й вимагала визнати сином. Іствуд веде дві лінії: тиск на жінку, яку за впертість запроторили до психіатричної лікарні, і паралельне розкриття вбивств хлопчиків на фермі у Вайнвіллі. Сценарій Дж. Майкла Стражинські виріс із міських архівів і газетних підшивок, а Анджеліна Джолі здобула за роль номінацію на «Оскар».",https://www.imdb.com/title/tt0824747/
tt1124052,City of Life and Death,Місто життя і смерті,2009,7.7,12567,Китай / Гонконг,Східна Азія,"кит., яп.",Війна,Drama; History; War,реальна історія,,,"Грудень 1937-го: японська армія бере Нанкін, і далі — шість тижнів масових убивств та зґвалтувань. Лу Чуань знімає в чорно-білому й веде кілька ліній: китайський солдат, учителька з міжнародної зони безпеки, німець Йон Рабе з китайським секретарем і японський рядовий Кадокава. Саме остання лінія викликала в Китаї гострі суперечки — режисера звинувачували в тому, що він дав загарбникові співчутливий погляд.",https://www.imdb.com/title/tt1124052/
tt1024648,Argo,Арґо,2012,7.7,671646,США,США,англ.,Політика та історія,Biography; Drama; History; Thriller,реальна історія,так,,"Після захоплення посольства США в Тегерані в листопаді 1979-го шестеро дипломатів устигли вислизнути й сховалися в резиденціях канадських колег. Бен Аффлек екранізує операцію ЦРУ, у якій оперативник Тоні Мендес вивіз їх у січні 1980-го під легендою знімальної групи фантастичного фільму «Арґо». Голлівудська лінія з Джоном Ґудменом і Аланом Аркіном дає комічний контрапункт тегеранській напрузі. «Оскар» за найкращий фільм — і докори за применшення ролі Канади та вигадану погоню в аеропорту.",https://www.imdb.com/title/tt1024648/
tt3404140,The Attorney,Адвокат,2013,7.7,8573,Південна Корея,Східна Азія,кор.,Суд і журналістика,Crime; Drama; History,реальна історія,,,"Пусан, початок 1980-х: успішний податковий адвокат без престижного диплома береться за справу студентів, яких поліція під тортурами змусила зізнатися в прокомуністичній змові — так званий випадок «Бурім» 1981 року. Прототип героя — Но Му Хьон, який через двадцять років став президентом Південної Кореї, хоч у фільмі його названо інакше. Сон Кан Хо веде роль від самовдоволеного ділка до людини, що кричить у залі суду. Понад одинадцять мільйонів глядачів у прокаті; реальних підсудних Верховний суд виправдав лише 2014 року.",https://www.imdb.com/title/tt3404140/
tt2980516,The Theory of Everything,Всесвіт Стівена Гокінга,2014,7.7,510093,Велика Британія,Британія та Ірландія,англ.,Наука і технології,Biography; Drama; Romance,реальна історія,,,"Кембридж 1963-го: аспірант Стівен Гокінг знайомиться з філологинею Джейн Вайлд і невдовзі чує, що жити йому лишилося близько двох років. Джеймс Марш екранізує саме її мемуари «Подорож до нескінченності», тож центр історії — не чорні діри, а тридцять років шлюбу, догляду, трьох дітей і поступового віддалення. Едді Редмейн отримав «Оскар» за роль, у якій фізичний розпад показано без пауз на пафос. Наукову частину фільм спрощує, а найгостріші кути в стосунках згладжує.",https://www.imdb.com/title/tt2980516/
tt5121000,Aligarh,Алігарх,2015,7.7,8779,Індія,Індія,"гінді, англ.",Соціальна драма,Biography; Crime; Drama,реальна історія,,,"У лютому 2010-го професора маратхі Рамчандру Сіраса зняли прихованою камерою вдома з чоловіком і звільнили з Аліґархського мусульманського університету «за аморальність». Хансал Мехта знімає стримано, майже без риторики: Манодж Баджпаї грає самотнього 64-річного чоловіка, який не хоче зватися активістом і не любить слова «гей», а Раджкуммар Рао — журналіста, що веде його справу. Суд поновив Сіраса на посаді; за кілька днів його знайшли мертвим у квартирі.",https://www.imdb.com/title/tt5121000/
tt6493286,1987: When the Day Comes,1987: Коли настане день,2017,7.7,8115,Південна Корея,Східна Азія,корейська,Політика та історія,Drama; History; Thriller,реальна історія,так,,"14 січня 1987-го в поліцейській катівні Сеула загинув студент Пак Чон-чхоль; влада хотіла швидко спалити тіло, але прокурор наполіг на розтині — і офіційна версія посипалася. Чан Джун-хван веде розповідь естафетою: камера щокілька хвилин переходить до наступної людини в ланцюжку — прокурора, лікаря, наглядача, репортера, студентки, — і разом вони складають Червневе повстання, що змусило режим погодитися на прямі вибори. Ансамбль на чолі з Кім Юн-соком; фінал змонтовано з реальною хронікою.",https://www.imdb.com/title/tt6493286/
tt5311542,Never Look Away,Робота без автора,2018,7.7,28462,Німеччина / Італія,Європа,нім.,Музика та мистецтво,Biography; Drama; Romance; Thriller; War,натхненний реальними подіями,так,,"Флоріан Генкель фон Доннерсмарк простежує три епохи Німеччини очима художника Курта Барнерта: нацистська програма «евтаназії», під яку потрапила його тітка, соцреалізм у НДР, Дюссельдорфська академія 1960-х і народження фотореалістичних полотен. Біографія Барнерта майже дослівно повторює життя Ґерхарда Ріхтера, включно з тим, що тесть героя був причетний до вбивств пацієнток. Ріхтер публічно дистанціювався від фільму; дві номінації на «Оскар», зокрема за операторську роботу Калеба Дешанеля.",https://www.imdb.com/title/tt5311542/
tt7098658,Raazi,Раазі,2018,7.7,37708,Індія,Індія,"гінді, урду",Війна,Action; Drama; Thriller,реальна історія,так,,"Сехмат Хан, донька кашмірця, який роками працював на індійську розвідку, у 1971 році вийшла заміж за офіцера пакистанської армії, щоб передавати відомості напередодні війни. Мегна Ґульзар екранізувала роман Гаріндера Сікки «Calling Sehmat», записаний зі слів очевидців, — документального підтвердження цієї історії немає. Алія Бгатт грає двадцятирічну студентку, яка щодня вчиться брехати; фільм цікавить радше ціна цієї роботи, ніж шпигунські трюки.",https://www.imdb.com/title/tt7098658/
tt8649186,Corpus Christi,Боже тіло,2019,7.7,24357,Польща / Франція,Європа,польська,Соціальна драма,Drama,натхненний реальними подіями,,,"Двадцятирічний Даніель переживає в колонії для неповнолітніх релігійне навернення, але з судимістю до семінарії не беруть; випадково опинившись у містечку на іншому кінці Польщі, він видає себе за священника. Ян Комаса відштовхується від реальних випадків самозванців у сутані й додає громаду, яка не оговталася після смертельної аварії. Бартош Бєленя грає з такою напругою в очах, що проповіді самозванця звучать переконливіше за офіційні. Номінація на «Оскар» за найкращий міжнародний фільм.",https://www.imdb.com/title/tt8649186/
tt8941440,Virus,Вірус,2019,7.7,5957,Індія,Індія,малаялам,Медицина та виживання,Drama; Thriller,реальна історія,так,,"Кожікоде, травень 2018-го: у лікарню привозять пацієнта з невідомою гарячкою, і за кілька тижнів вірус Ніпа вбиває сімнадцятьох із вісімнадцяти заражених. Ашік Абу будує мозаїку без головного героя — медсестри, епідеміологи, водій швидкої, чиновниця охорони здоров'я, родини на карантині, — а паралельно веде майже детективну лінію пошуку нульового пацієнта. У великому керальському ансамблі Парваті, Реваті й Товіно Томас. Знято невдовзі після подій, з консультаціями учасників.",https://www.imdb.com/title/tt8941440/
tt7581552,Unda,Унда,2019,7.7,5087,Індія,Індія,малаялам,Політика та історія,Action; Comedy; Thriller,натхненний реальними подіями,так,,"2014 рік: загін поліції з Керали відправляють на вибори до маоїстського району Чхаттісгарха — без спорядження, без спільної мови з місцевими й із жменею набоїв, від якої після першої ж стрілянини лишається вісім. Халід Рахман зняв це за газетним репортажем Malayala Manorama як чорну комедію, де смішне й принизливе не відділити одне від одного. Мамутті грає субінспектора, який замість подвигів рахує патрони й пише рапорти. Під комедією — розмова про кастову зневагу й державу, що відправила людей у поле й забула.",https://www.imdb.com/title/tt7581552/
tt1070874,The Trial of the Chicago 7,Суд над чиказькою сімкою,2020,7.7,206810,США,США,англ.,Суд і журналістика,Drama; History; Thriller,реальна історія,так,,"Розгін антивоєнних протестів під час з'їзду Демократичної партії в Чикаго 1968 року обернувся для організаторів — від Тома Гейдена до Еббі Гоффмана — федеральним звинуваченням у змові. Аарон Соркін тримає майже все в залі суду, де суддя Джуліус Гоффман веде процес відверто упереджено, а Боббі Сіла в якийсь момент прив'язують до стільця з кляпом. В ансамблі Саша Барон Коен, Едді Редмейн і Френк Ланджелла. Хронологію процесу стиснуто, а фінальний жест у залі — винахід сценариста.",https://www.imdb.com/title/tt1070874/
tt20561198,The Promised Land,Земля обітована,2023,7.7,41825,Данія,Європа,дан.,Політика та історія,Action; Drama; History,натхненний реальними подіями,,,"1755 рік: відставний капітан Людвіг фон Кален із королівського дозволу вирушає освоювати ютландські пустища, де до нього ніхто не втримався. Кален — реальна постать, яка справді намагалася виростити врожай на вересових пустирях за Фредеріка V, але Ніколай Арсель екранізував роман Іди Єссен «Капітан і Анн Барбара», тож феодал Фредерік де Шинкель і майже всі людські стосунки тут вигадані. Мадс Міккельсен грає упертість, що межує з байдужістю до себе. Конкурс Венеції й данське висування на «Оскар».",https://www.imdb.com/title/tt20561198/
tt10786774,Sam Bahadur,Сем Бахадур,2023,7.7,22036,Індія,Індія,гінді,Війна,Biography; Drama; History; War,реальна історія,,,"Сем Манекшоу пройшов шлях від бірманського фронту 1942-го, де його прошило кулеметною чергою, до посади начальника штабу армії, який 1971 року відмовив Індірі Ґанді у весняному наступі й дочекався сухого сезону — та війна тривала тринадцять днів. Меґхна Ґулзар охоплює майже сорок років служби, тримаючись радше епізодів і анекдотів, ніж однієї драматичної лінії. Вікі Каушал відтворює характерну манеру говорити й тримати спину. Індіру Ґанді грає Фатіма Сана Шейх.",https://www.imdb.com/title/tt10786774/
tt14753612,Swatantrya Veer Savarkar,Сватантр'я Вір Саваркар,2024,7.7,18312,Індія,Індія,гінді,Політика та історія,Biography; Drama; History,реальна історія,,Відверта агіографія: фільм приписує Саваркару вплив на Бгагата Сінгха й Субхаса Чандру Бозе та обходить його прохання про помилування перед британцями.,"Вінаяк Дамодар Саваркар навчався права в Лондоні, писав про повстання 1857-го як про війну за незалежність, а 1911 року отримав два довічні терміни й потрапив до Целюлярної в'язниці на Андаманах. Рандіп Гуда, для якого це режисерський дебют, зіграв головну роль сам і схуд на понад двадцять кілограмів. Фільм відкрито полемізує з канонічною версією історії Індії: применшує роль Ґанді й приписує Саваркару вплив на кілька поколінь революціонерів. Історики розкритикували цю оптику, зокрема через те, як подано його прохання про помилування.",https://www.imdb.com/title/tt14753612/
tt28007064,Superboys of Malegaon,Супербої з Малегаона,2024,7.7,8945,Індія,Індія,гінді,Музика та мистецтво,Comedy; Drama,реальна історія,,,"Малеґаон, текстильне містечко в Махараштрі, 1997 рік: власник відеозалу Насір Шейх бере напрокат камеру й знімає з друзями «Малеґаон ке Шолай» — пародійний ремейк класики місцевою говіркою, за копійки. Ріма Каґті й сценарист Варун Ґровер відштовхнулися від документальної стрічки Файзи Ахмад Хан «Supermen of Malegaon» і довели історію до зйомок саморобного «Супермена». Адарш Ґаурав грає Насіра, Вініт Кумар Сінґх — ображеного сценариста Фароґа, чия лінія й рухає другу половину. Прем'єра відбулася в Торонто 2024-го.",https://www.imdb.com/title/tt28007064/
tt23782140,Vaazhai,Ваажай,2024,7.7,5701,Індія,Індія,тамільська,Соціальна драма,Drama,реальна історія,,,"Марі Сельварадж повернувся у власне дитинство на півдні Тамілнаду 1990-х: школярі по вихідних тягають на спині зрізані банани до вантажівок, бо без цих грошей родина не витягне. Фільм тримається на буденності — уроці, поході в кіно, першій закоханості, — і саме тому рахунок, який зрештою виставляє плантація, б'є так сильно. Режисер знімав це як борг перед шкільним другом, чия загибель лишилася в нього перед очима; головні ролі зіграли непрофесійні діти.",https://www.imdb.com/title/tt23782140/
tt0280491,Bloody Sunday,Кривава неділя,2002,7.6,26843,Велика Британія/Ірландія,Британія та Ірландія,англ.,Політика та історія,Drama; History; War,реальна історія,,,"30 січня 1972 року в Деррі британські десантники відкрили вогонь по учасниках маршу за громадянські права: тринадцятеро загинули на місці, ще один помер згодом. Пол Ґрінґрасс веде хроніку одного дня одразу з чотирьох боків — від депутата Івана Купера (Джеймс Несбітт) до командирів парашутного полку, ручною камерою і майже без музики. «Золотий ведмідь» Берлінале 2002 року, поділений із «Віднесеними привидами». Фільм вийшов задовго до звіту Севілла, який 2010-го визнав ті постріли невиправданими.",https://www.imdb.com/title/tt0280491/
tt0298845,In America,В Америці,2002,7.6,44485,Ірландія/Велика Британія,Британія та Ірландія,англ.,Автобіографія,Drama,натхненний реальними подіями,,,"Джим Шерідан написав сценарій разом із доньками Наомі та Кірстен, переклавши на екран власний переїзд до Нью-Йорка й смерть молодшого брата Френкі. Ірландська сім'я нелегально селиться в облупленому будинку в Пекельній кухні, і майже все ми бачимо очима старшої доньки з відеокамерою. Саманта Мортон, Педді Консідайн і Джимон Гонсу грають без натиску на сльозу; три номінації на «Оскар». Реальний Френкі був братом режисера — у фільмі він став сином.",https://www.imdb.com/title/tt0298845/
tt0293007,Carandiru,Карандіру,2003,7.6,25112,Бразилія,Латинська Америка,португ.,Кримінал,Crime; Drama,реальна історія,,,"2 жовтня 1992 року військова поліція штурмувала переповнену в'язницю Карандіру в Сан-Паулу: загинуло 111 ув'язнених, серед поліціянтів жертв не було. Ектор Бабенко екранізував спогади лікаря Драузіу Варелли, який роками лікував там хворих на СНІД, тож більшу частину екранного часу займає не бійня, а окремі камери та історії, розказані самими в'язнями. Штурм показано наприкінці — як розв'язку до зібраної галереї портретів.",https://www.imdb.com/title/tt0293007/
tt0308644,Finding Neverland,У пошуках Неверленду,2004,7.6,217975,Велика Британія/США,Британія та Ірландія,англ.,Музика та мистецтво,Biography; Drama; Family,реальна історія,,,"Лондон 1903 року: драматург Дж. М. Баррі знайомиться в Кенсінгтонських садах із удовою Сільвією Ллуелін-Дейвіс та її синами, і з ігор із хлопцями виростає «Пітер Пен». Марк Форстер знімає історію про те, звідки береться вигадка, підмішуючи до побуту фантазійні вставки. Джонні Депп грає майже без ексцентрики, поруч Кейт Вінслет і Дастін Гоффман; «Оскар» дістався музиці Яна Качмарека. Насправді синів було п'ятеро, а їхній батько був живий, коли Баррі увійшов у родину.",https://www.imdb.com/title/tt0308644/
tt0386651,Mountain Patrol (Kekexili),Кекексілі: Гірський патруль,2004,7.6,5775,Китай/Гонконг,Східна Азія,кит./тибет.,Соціальна драма,Action; Drama,реальна історія,,,"На плато Хох-Сіл у Цінхаї добровольчий загін тибетців у 1990-х без зарплат і повноважень ганявся за браконьєрами, які вибивали антилоп чиру заради вовни шахтуш. Лу Чуань веде глядача туди разом із пекінським журналістом — і сюжет швидко перестає ділити людей на героїв та лиходіїв. Знімали на висоті понад чотири тисячі метрів, майже документально, з непрофесійними акторами. Гран-прі Токійського фестивалю і кілька «Золотих коней».",https://www.imdb.com/title/tt0386651/
tt0426578,Sophie Scholl - Die letzten Tage,Софі Шолль: Останні дні,2005,7.6,29980,Німеччина,Європа,нім.,Війна,Biography; Crime; Drama,реальна історія,,,"18 лютого 1943 року Софі Шолль із братом Гансом розкидали листівки «Білої троянди» в атріумі Мюнхенського університету — через чотири дні їх стратили. Марк Ротемунд відтворює ці шість днів майже дослівно за протоколами допитів гестапо, які знайшли в архівах НДР після 1990 року. Головне тут — камерні поєдинки Софі зі слідчим Робертом Морем, де вона поступово перестає рятувати себе; Юлія Єнч за цю роль здобула «Срібного ведмедя» в Берліні.",https://www.imdb.com/title/tt0426578/
tt0424205,Joyeux Noel,Щасливого Різдва,2005,7.6,34466,Франція/Німеччина/Велика Британія/Бельгія/Румунія,Європа,франц./нім./англ.,Війна,Drama; History; Music,реальна історія,,,"Різдво 1914-го на ділянці фронту, де окопи французів, шотландців і німців розділяє кількадесят метрів: спів з одного боку, волинка з другого — і солдати виходять на нічийну землю ховати вбитих та обмінюватися дрібницями. Крістіан Каріон зшив в один епізод кілька задокументованих перемир'їв і додав вигаданих героїв — німецького тенора та його партнерку-сопрано (Діана Крюґер). Далі йде реакція командування, яке такого братання не пробачило. Номінація на «Оскар» від Франції.",https://www.imdb.com/title/tt0424205/
tt0399295,Lord of War,Збройний барон,2005,7.6,362065,США/Франція,США,англ.,Політика та історія,Crime; Drama,натхненний реальними подіями,,,"Юрій Орлов, торговець зброєю з української родини в Брайтон-Біч, — персонаж вигаданий, зліплений Ендрю Ніколом із біографій кількох реальних дилерів, серед них Віктор Бут. Розповідь іде від першої особи, з холодною іронією проводячи глядача крізь розпад СРСР, африканські війни й схеми з підробленими сертифікатами кінцевого користувача. Відкриття фільму — «життєвий шлях» патрона від конвеєра до пострілу, знятий одним планом.",https://www.imdb.com/title/tt0399295/
tt0420901,Shooting Dogs,Стріляти в собак (За воротами),2005,7.6,12459,Велика Британія/Німеччина,Британія та Ірландія,англ.,Війна,Drama; History; War,реальна історія,,,"У квітні 1994-го в технічній школі Кігалі під захистом бельгійських миротворців ООН зібралися понад дві тисячі тутсі; щойно контингент вивели, майже всіх убили за кілька годин. Майкл Кейтон-Джонс знімав саме там, із людьми, які пережили геноцид, і веде розповідь через католицького священника (Джон Герт) і молодого британського вчителя. Головне питання фільму — не про вбивць, а про тих, хто мав право поїхати. Закид критиків звичний для теми: у центрі кадру знову європейці.",https://www.imdb.com/title/tt0420901/
tt0455590,The Last King of Scotland,Останній король Шотландії,2006,7.6,206922,Велика Британія / США,Британія та Ірландія,англ.,Політика та історія,Biography; Drama; History,натхненний реальними подіями,,,"Іді Амін захопив владу в Уганді 1971 року, і за вісім років його правління загинули сотні тисяч людей. Кевін Макдональд дивиться на диктатуру очима вигаданого шотландського лікаря Ніколаса Ґарріґана, який випадково стає особистим медиком президента, — персонаж придуманий Джайлзом Фоденом у романі, хоча західні наближені в Аміна справді були. Форест Вітакер отримав «Оскар» за роль, у якій обаяння і жах не відокремлені одне від одного.",https://www.imdb.com/title/tt0455590/
tt0475276,United 93,Рейс 93,2006,7.6,116029,США / Велика Британія / Франція,США,англ.,Катастрофа і виживання,Action; Crime; Drama; History; Thriller,реальна історія,так,,"Пол Ґрінґрасс відтворює ранок 11 вересня 2001 року майже в реальному часі, паралельно монтуючи салон рейсу United 93, диспетчерські центри й командний пункт NEADS. Частину ролей грають самі учасники подій — зокрема керівник оперативного центру FAA Бен Слайні. Відомих облич у салоні немає, музики майже немає, камера ручна. Що саме сталося в кабіні в останні хвилини, достеменно невідомо: режисер спирався на бортовий самописець і телефонні дзвінки пасажирів.",https://www.imdb.com/title/tt0475276/
tt0421082,Control,Контроль,2007,7.6,72092,Велика Британія / США / Японія,Британія та Ірландія,англ.,Музика та мистецтво,Biography; Drama; Music,реальна історія,,,"Іен Кертіс повісився в Макклсфілді у травні 1980 року, за кілька днів до першого туру Joy Division Америкою; йому було двадцять три. Антон Корбейн, який колись фотографував гурт, зняв дебютний фільм за спогадами вдови Дебори Кертіс — тут переважає побут: ранній шлюб, епілепсія, робота в бюро працевлаштування. Чорно-біла картинка й Сем Райлі, який сам співає в кадрі, повертають рок-міфу масштаб дуже буденного життя.",https://www.imdb.com/title/tt0421082/
tt0463998,Freedom Writers,Письменники свободи,2007,7.6,93475,США / Німеччина,США,англ.,Соціальна драма,Biography; Crime; Drama,реальна історія,,,"Ерін Ґрувелл прийшла 1994 року в школу Вілсона в Лонг-Біч — місто ще не відійшло від заворушень 1992-го, а її клас поділений на етнічні угруповання, які між собою не розмовляють. Вона роздає учням чисті зошити й просить писати про власне життя щодня; з тих записів згодом вийшла книжка «Щоденник письменників свободи». Гіларі Свонк грає без учительського пафосу, хоча сама схема «натхненний педагог рятує клас» звучить упізнавано. Реальний клас читав щоденник Анни Франк і приймав у себе Міп Гіс.",https://www.imdb.com/title/tt0463998/
tt0870111,Frost/Nixon,Фрост проти Ніксона,2008,7.6,116301,США / Велика Британія / Франція,США,англ.,Суд і журналістика,Biography; Drama; History,реальна історія,,,"1977 рік: британський телеведучий Девід Фрост, якого в США мали за легковаговика, викупає в Річарда Ніксона право на серію інтерв'ю й ставить на кін власні гроші. Рон Говард екранізує п'єсу Пітера Морґана як поєдинок двох людей, що обом потрібна реабілітація, — з підготовкою, розвідкою й останнім раундом про Вотергейт. Френк Ланджелла і Майкл Шин перенесли ролі просто зі сцени. Нічний п'яний дзвінок Ніксона до Фроста драматурги вигадали.",https://www.imdb.com/title/tt0870111/
tt1266583,Mumbai Meri Jaan,"Мумбаї, любов моя",2008,7.6,6790,Індія,Індія,гінді,Соціальна драма,Drama,натхненний реальними подіями,,,"11 липня 2006 року сім вибухів у приміських потягах Мумбаї забрали майже дві сотні життів. Нішікант Камат будує фільм не навколо теракту, а навколо п'ятьох людей після нього: тележурналістки, вуличного торговця кавою, офісного клерка, охопленого підозрою до сусідів-мусульман, безробітного й поліціянта напередодні пенсії. Пареш Равал, Кей Кей Менон, Ірфан Хан і Мадгаван грають без героїзму — про страх, упередження й повернення до звичного життя.",https://www.imdb.com/title/tt1266583/
tt1063669,The Wave,Хвиля,2008,7.6,122644,Німеччина,Європа,нім.,Соціальна драма,Drama; Thriller,натхненний реальними подіями,так,,"Рон Джонс 1967 року за п'ять днів показав каліфорнійським старшокласникам, як працює автократія, — німецький фільм переносить цей експеримент у сучасну гімназію, де вчитель Райнер Венґер веде тижневий факультатив. Спільна форма, вітання, назва «Хвиля» — і клас, який щойно позіхав, за кілька днів починає ділити світ на своїх і чужих. Юрґен Фоґель грає педагога, що надто пізно помічає, куди все зайшло. Розв'язка в Денніса Ґанзеля куди різкіша за те, чим завершився справжній експеримент.",https://www.imdb.com/title/tt1063669/
tt0878804,The Blind Side,Невидима сторона,2009,7.6,390775,США,США,англ.,Спорт,Biography; Drama; Sport,реальна історія,,"Майкл Оер публічно заперечив зображене (зокрема сцени, де він не розуміє футболу) і 2023 року оскаржив опіку родини Туї; фільм критикують за наратив «білого рятівника».","Мемфіс, середина 2000-х: підлітка Майкла Оера, що ночує де прийдеться, забирає до себе заможна родина Туї, і за кілька років він іде в першому раунді драфту NFL. Джон Лі Генкок екранізував книжку Майкла Льюїса, змістивши акцент із футболу на Лі Енн Туї — Сандра Буллок отримала за роль «Оскар». Сам Оер згодом заперечив образ мовчазного й недалекого хлопця, а 2023 року заявив у суді, що Туї оформили не всиновлення, а опіку над його справами.",https://www.imdb.com/title/tt0878804/
tt1210166,Moneyball,"Людина, яка змінила все",2011,7.6,515559,США,США,англ.,Спорт,Biography; Drama; Sport,реальна історія,,,"Сезон 2002-го: генеральний менеджер «Окленд Атлетікс» Біллі Бін втрачає трьох зіркових гравців, грошей на заміну не має і збирає команду за статистикою на кшталт відсотка виходу на базу. Беннетт Міллер за сценарієм Стівена Заяна і Аарона Соркіна робить фільм про телефонні дзвінки, торги й таблиці, а не про матчі. Аналітик Пітер Бренд — вигадане ім'я: реальний Пол Деподеста не дозволив використати своє. «Атлетікс» тоді виграли 20 матчів поспіль, але не Світову серію.",https://www.imdb.com/title/tt1210166/
tt1306980,50/50,50/50,2011,7.6,355981,США,США,англ.,Медицина та виживання,Comedy; Drama; Romance,реальна історія,,,"Сценарист Вілл Райзер у 25 років почув діагноз — рідкісна пухлина вздовж хребта, шанси приблизно рівні. Через кілька років він написав про це комедію, а роль друга, який тягне його по хіміотерапіях і невдало жартує, зіграв Сет Роґен — той самий, що був поруч насправді. Джозеф Ґордон-Левітт грає Адама тихо, майже без емоційних вибухів, і найсильніші сцени тут не про хворобу, а про те, як реагують інші. Тон коливається між лікарняним чорним гумором і панікою, ніде не зісковзуючи в сентимент.",https://www.imdb.com/title/tt1306980/
tt2431286,Philomena,Філомена,2013,7.6,107643,Велика Британія,Британія та Ірландія,англ.,Суд і журналістика,Biography; Comedy; Drama,реальна історія,,,"1952 року вагітну незаміжню ірландку Філомену Лі віддали в монастир Шон-Росс у Роскрі, а її трирічного сина черниці передали американським усиновлювачам, не спитавши матері. Через півстоліття вона разом із безробітним журналістом Мартіном Сікссмітом береться його шукати — стара віряка проти саркастичного атеїста, і фільм тримає комедійний тон там, де легко було б збитися на памфлет. Джуді Денч номінована на «Оскар», сценарій Стіва Куґана і Джеффа Поупа взяв призи Венеції та BAFTA.",https://www.imdb.com/title/tt2431286/
tt2608224,The Butterfly's Dream,Сон метелика,2013,7.6,26340,Туреччина,Близький Схід і Африка,тур.,Музика та мистецтво,Biography; Drama; History; Romance,реальна історія,,,"Зонгулдак початку 1940-х, вугільне містечко на Чорному морі: двоє молодих поетів, Рюшту Онур і Музаффер Тайїп Услу, хворі на туберкульоз, пишуть вірші, працюють у шахтарській конторі й закохуються в одну дівчину. Йилмаз Ердоган зняв це в теплій, майже казковій манері й сам зіграв поета Бехчета Неджатіґіля, який їм допомагає; головні ролі — у Ківанча Татлитуга і Мерта Фирата. Туреччина висувала фільм на «Оскар» за найкращий іншомовний.",https://www.imdb.com/title/tt2608224/
tt2855648,Madras Cafe,Кафе «Мадрас»,2013,7.6,26785,Індія,Індія,гінді,Політика та історія,Action; Drama; Thriller,натхненний реальними подіями,так,,"Індійський розвідник Вікрам Сінгх їде на Шрі-Ланку наприкінці 1980-х, коли індійський контингент грузне у війні з тамільськими сепаратистами, і поступово натрапляє на слід змови проти колишнього прем'єра. Шуджіт Сіркар знімає це як сухий політичний трилер із брифінгами, явками й радіоперехопленням — без пісень і майже без романтики. Назви організацій змінено, хоча першоджерело впізнається одразу: 21 травня 1991-го Раджіва Ганді підірвала смертниця в Шріперумбудурі. У Тамілнаду прокат фільму фактично зірвали протести.",https://www.imdb.com/title/tt2855648/
tt3745620,Gods,Боги,2014,7.6,8360,Польща,Європа,пол.,Медицина та виживання,Biography; Drama,реальна історія,,,"Збіґнєв Реліга в середині 1980-х пробиває стіну: колеги вважають пересадку серця марнуванням ресурсів, міністерство не дає грошей, перші пацієнти помирають. Лукаш Палковський зосереджується на кількох роках до 5 листопада 1985-го, коли команда в Забжу зробила першу в Польщі вдалу трансплантацію. Томаш Кот грає хірурга грубим, самовпевненим і незручним для всіх довкола, а фінальний кадр відтворює знамените фото Джеймса Станфілда з виснаженим лікарем біля монітора. Головні призи фестивалю в Ґдині.",https://www.imdb.com/title/tt3745620/
tt3682448,Bridge of Spies,Шпигунський міст,2015,7.6,346748,"США, Німеччина",США,"англ., нім., рос.",Політика та історія,Drama; History; Thriller; War,реальна історія,так,,"1957 року нью-йоркському страховому адвокату Джеймсу Доновану доручають захищати радянського розвідника Рудольфа Абеля; через п'ять років він же їде в розділений Берлін вимінювати Абеля на збитого пілота U-2 Френсіса Ґері Пауерса. Спілберг знімає розмовний трилер: діалоги переписували брати Коени, і половина напруги — в переговорних кімнатах, а не на мосту. Марк Райленс отримав «Оскар» за роль Абеля, зіграну майже пошепки. Обмін 10 лютого 1962-го справді включав ще й студента Фредеріка Прайора.",https://www.imdb.com/title/tt3682448/
tt5286444,Neerja,Нірджа,2016,7.6,25315,Індія,Індія,"гінді, англ.",Катастрофа і виживання,Biography; Drama; Thriller,реальна історія,так,,"5 вересня 1986 року в Карачі четверо озброєних чоловіків захопили літак Pan Am 73; старша бортпровідниця Нірджа Бганот встигла попередити кабіну, ховала паспорти американців і загинула, прикриваючи трьох дітей, — за два дні до свого двадцятитриріччя. Рам Мадхвані тримає майже весь фільм у салоні, у ритмі сімнадцятигодинного захоплення, і паралельно показує домашнє життя героїні. Сонам Капур у головній ролі, Шабана Азмі — мати. Бганот посмертно отримала «Ашока Чакру», найвищу цивільну нагороду Індії за мужність.",https://www.imdb.com/title/tt5286444/
tt3721954,Maudie,Моді,2016,7.6,25984,Канада/Ірландія,Інше,англ.,Музика та мистецтво,Biography; Drama; Romance,реальна історія,,,"Мод Льюїс усе життя прожила в Новій Шотландії з артритом, що скрутив їй руки, а від 1938 року — в халупі три на чотири метри разом із рибним торговцем Евереттом, до якого найнялася хатньою робітницею. Ейслінг Волш знімає їхній шлюб як довге шорстке звикання двох незручних людей, а не як романс. Саллі Гокінс та Ітан Гоук грають майже без слів — поставою й руками. Розмальований Мод будиночок сьогодні стоїть у Художній галереї Нової Шотландії.",https://www.imdb.com/title/tt3721954/
tt3829920,Only the Brave,Тільки хоробрі,2017,7.6,93414,США,США,англ.,Катастрофа і виживання,Action; Biography; Drama,реальна історія,,,"Загін Granite Mountain Hotshots із Прескотта в Аризоні під керівництвом Еріка Марша став першою муніципальною бригадою, атестованою на найвищий рівень гасіння лісових пожеж; 30 червня 2013-го на пожежі Ярнелл-Гілл загинули 19 із 20 його бійців. Джозеф Косінскі більшу частину фільму віддає рутині — вирубуванню просік, контрольованим підпалам, сімейним сваркам у міжсезоння. Джош Бролін грає Марша, Майлз Теллер — новачка Брендана Макдонафа, єдиного, хто вижив.",https://www.imdb.com/title/tt3829920/
tt6788942,Bad Genius,Погані генії,2017,7.6,25748,Таїланд,Східна Азія,"тайська, англ.",Соціальна драма,Comedy; Crime; Drama; Thriller,натхненний реальними подіями,так,,"Лінн, відмінниця на стипендії в дорогій бангкокській школі, спершу підказує подрузі, а далі будує бізнес: код пальцями на іспиті, потім переліт до Сіднея, щоб через різницю часових поясів передати відповіді назад у Таїланд. В основі — скандал 2014 року, коли College Board анулював результати SAT в Азії саме через таку схему. Наттавут Пунпірія знімає списування як пограбування банку: секундоміри, паралельний монтаж, ударні на саундтреку. Головну роль зіграла дебютантка Чутімон Чуенгчароенсукін.",https://www.imdb.com/title/tt6788942/
tt6155172,Roma,Рома,2018,7.6,179463,Мексика,Латинська Америка,"ісп., міштекська",Автобіографія,Drama,натхненний реальними подіями,,,"Альфонсо Куарон відтворює рік із власного дитинства в районі Рома-Норте: 1970–1971-й, коли від родини пішов батько, а дім тримала няня-міштечка Клео, списана з Лібо Родріґес, якій фільм і присвячено. Камеру Куарон вів сам — чорно-біле 65-міліметрове зображення, довгі панорами, майже жодного крупного плану. Історія вривається в побут 10 червня 1971 року, коли воєнізовані «яструби» розстрілювали студентів на вулицях: різанина Корпус-Крісті. Три «Оскари», зокрема за режисуру й операторську роботу.",https://www.imdb.com/title/tt6155172/
tt6452574,Sanju,Санджу,2018,7.6,68085,Індія,Індія,гінді,Музика та мистецтво,Biography; Comedy; Drama,реальна історія,,Фільм знято за участі самого Санджая Датта і критикували як спробу відбілювання: провину за наркотики та зброю перекладено на пресу й оточення.,"Раджкумар Хірані будує байопік Санджая Датта як сповідь письменникові: наркозалежність кінця 1980-х, смерть матері Наргіс, арешт 1993 року за незаконне зберігання АК-56, отриманого від людей, причетних до бомбейських вибухів, і роки судів аж до вироку 2013-го. Ранбір Капур відтворює пластику й голос актора майже покадрово. Критики закидали фільмові вибілювання: він наполегливо подає Датта жертвою поганого оточення і преси, а незручні епізоди обминає.",https://www.imdb.com/title/tt6452574/
tt7832124,Muslum,Мюслюм,2018,7.6,21931,Туреччина,Близький Схід і Африка,турецька,Музика та мистецтво,Biography; Drama; Music; Romance,реальна історія,,,"Мюслюм Ґюрсес виріс у злиднях на півдні Туреччини, рано втратив матір, терпів жорстокого батька — і став голосом арабеску, на чиїх концертах слухачі різали себе лезами від надміру почуттів. Кетче і Джан Улькай ведуть біографію через десятиліття й через шлюб із Мухтерем, яка лишалася поруч до кінця. Тимучин Есен майже не грає зовнішньої подібності, тримаючись на голосі й поставі. У турецькому прокаті 2018-го фільм зібрав найбільше глядачів з-поміж усіх.",https://www.imdb.com/title/tt7832124/
tt5461944,Hotel Mumbai,Готель «Мумбаї»,2018,7.6,80205,Австралія / США / Індія,Австралія і Океанія,"англ., гінді",Катастрофа і виживання,Action; Drama; History; Thriller,реальна історія,так,,"26 листопада 2008 року десятеро бойовиків атакували Мумбаї одразу в кількох точках; облога готелю «Тадж-Магал Палас» тривала майже три доби. Ентоні Марас не виходить за стіни будівлі й веде історію переважно очима персоналу, який залишився з гостями, зокрема шеф-кухаря Геманта Обероя. Дев Патель грає офіціанта, зібраного з кількох реальних працівників, а головна пружина напруги теж документальна: спецпризначенці летіли з Делі й прибули лише через багато годин.",https://www.imdb.com/title/tt5461944/
tt6826438,Parmanu: The Story of Pokhran,Пармана: Історія Похрана,2018,7.6,26832,Індія,Індія,гінді,Наука і технології,Drama; History; Thriller; Action,натхненний реальними подіями,так,,"Травень 1998-го: Індія за кілька днів провела п'ять підземних ядерних вибухів у пустелі під Похраном — так, щоб американські супутники нічого не помітили заздалегідь. Абхішек Шарма робить із цього шпигунський трилер: чиновник Ашвата Рейна (Джон Абрахам) збирає групу з п'яти фахівців, які возять обладнання ночами й видають себе за військових. Напруга будується на розкладі прольотів супутників. Головний герой вигаданий, а реальні керівники програми, Абдул Калам і Р. Чідамбарам, у кадрі майже відсутні.",https://www.imdb.com/title/tt6826438/
tt8404614,The Two Popes,Два Папи,2019,7.6,147754,Велика Британія / Італія / Аргентина,Британія та Ірландія,"англ., ісп., італ.",Політика та історія,Biography; Drama,натхненний реальними подіями,,"Розмови Бенедикта XVI й Берґольйо повністю вигадані сценаристом; зустрічі в такому форматі не відбувалися, а політичні погляди обох понтифіків спрощено.","У 2013 році Бенедикт XVI став першим за майже шістсот років папою, який зрікся престолу, а конклав обрав аргентинця Хорхе Берґольйо. Фернандо Мейреллеш і сценарист Ентоні Маккартен вигадують серію приватних розмов між ними у Кастель-Гандольфо й Сикстинській капелі — таких зустрічей насправді не було. Ентоні Гопкінс і Джонатан Прайс перетворюють це на діалог двох способів бути церквою; окремою лінією йде минуле Берґольйо за часів аргентинської хунти.",https://www.imdb.com/title/tt8404614/
tt4916630,Just Mercy,Просто помилуй,2019,7.6,85698,США,США,англ.,Суд і журналістика,Biography; Crime; Drama,реальна історія,,,"Монровілль, штат Алабама — містечко, де виросла Гарпер Лі, — 1988 року засудило до страти Волтера Макміллана за вбивство, попри десятки свідків, які бачили його в іншому місці. Дестін Деніел Креттон екранізував мемуари адвоката Браяна Стівенсона, засновника Equal Justice Initiative, який домігся скасування вироку 1993-го. Майкл Б. Джордан і Джеймі Фокс грають стримано, без промов на публіку. Окремо тримається лінія Герберта Річардсона, ветерана В'єтнаму з сусідньої камери, у виконанні Роба Морґана.",https://www.imdb.com/title/tt4916630/
tt7533152,The Boy Who Harnessed the Wind,"Хлопчик, який приборкав вітер",2019,7.6,53333,Велика Британія / Малаві,Британія та Ірландія,"чичева, англ.",Наука і технології,Biography; Drama; History,реальна історія,,,"Село Вімбе, Малаві, 2001 рік: посуха й голод, родині нічим платити за школу, і чотирнадцятирічний Вільям Камквамба потай пробирається до шкільної бібліотеки, де знаходить підручник про використання енергії. З велосипедного динамо, пластикових труб і брухту з покинутого трактора він збирає вітряк, що качає воду на поле. Чіветел Еджіофор дебютував тут як режисер і сам зіграв батька, знімали в Малаві мовою чичева. Максвелл Сімба в головній ролі — теж дебютант.",https://www.imdb.com/title/tt7533152/
tt9071322,Dark Waters,Темні води,2019,7.6,123064,США,США,англ.,Суд і журналістика,Biography; Drama; History; Thriller,реальна історія,так,,"1998 року фермер Вілбур Теннант із Паркерсбурга у Західній Вірджинії привіз корпоративному юристові Робу Білотту касети з мертвою худобою — і той відкрив справу проти компанії з кола власних клієнтів, DuPont, через скид PFOA у воду. Тодд Гейнс знімає похмуро й буденно: коробки з паперами, аналізи крові десятків тисяч мешканців, роки очікування. Марк Руффало грає без героїчних жестів. Позови тривають досі, а PFOA виявляють у крові майже всіх американців.",https://www.imdb.com/title/tt9071322/
tt9179230,"Held for Ransom (Ser du manen, Daniel)","Ти бачиш місяць, Даніелю?",2019,7.6,5692,Данія / Норвегія / Швеція,Європа,"дан., англ., араб.",Катастрофа і виживання,Biography; Drama; Thriller; War,реальна історія,так,,"Данського фотографа Даніеля Рюе викрали в Сирії 2013 року; він провів у полоні «Ісламської держави» 398 днів, сидів в одній камері з американським журналістом Джеймсом Фолі й вийшов на волю після виплати викупу. Нільс Арден Оплев і Андерс В. Бертельсен ведуть дві лінії паралельно — камеру в Сирії та перемовника, який працює з родиною в Данії. Знято за книжкою журналістки Пук Дамсґорд; екшену тут майже немає, головна дія — телефонні переговори й очікування.",https://www.imdb.com/title/tt9179230/
tt15301048,"Argentina, 1985","Аргентина, 1985",2022,7.6,36824,Аргентина,Латинська Америка,ісп.,Суд і журналістика,Biography; Crime; Drama; History,реальна історія,,,"1985 року, всього через два роки після падіння диктатури, цивільний суд у Буенос-Айресі судив дев'ятьох членів військових хунт за викрадення, тортури й убивства. Прокурор Хуліо Страссера (Рікардо Дарін) і його заступник Луїс Морено Окампо (Петер Ланцані) зібрали команду з молодих юристів, бо досвідчені боялися, і за кілька місяців вислухали сотні свідків. Сантьяґо Мітре чергує рутинну процедурну роботу з погрозами, що надходили щодня. «Золотий глобус» за іншомовний фільм і номінація на «Оскар».",https://www.imdb.com/title/tt15301048/
tt7599146,Sound of Freedom,Звук свободи,2023,7.6,139084,США,США,англ.,Кримінал,Action; Biography; Crime; Drama,натхненний реальними подіями,,"Твердження Тіма Балларда та його організації OUR ставили під сумнів журналістські розслідування, а самого Балларда звинуватили у зловживаннях; фільм критикують за поширення міфів про торгівлю дітьми.","Тім Баллард пішов із Міністерства внутрішньої безпеки США і заснував Operation Underground Railroad — організацію, що проводить рейди проти торгівлі дітьми в Латинській Америці. Алехандро Монтеверде знімає це як бойовик-порятунок із Джимом Кевізелом у головній ролі; фільм пролежав на полиці п'ять років і завдяки краудфандинговому прокату зібрав понад 180 мільйонів доларів. Журналісти й фахівці з протидії торгівлі людьми оскаржували і наведену статистику, і центральну операцію в Колумбії, а самого Балларда згодом змусили піти з організації.",https://www.imdb.com/title/tt7599146/
tt25274786,Kannur Squad,Загін Каннур,2023,7.6,12600,Індія,Індія,малаялам,Кримінал,Action; Crime; Drama,натхненний реальними подіями,,,"Реальний загін поліції Керали з округу Каннур — дев'ятеро офіцерів, які їздять по всій країні за фігурантами місцевих справ — став основою для дебюту Робі Варґезе Раджа. У фільмі команда ASI Джорджа Мартіна розкручує пограбування й убивство підприємця-емігранта в Касарґоді, і слід тягне їх через кілька штатів аж до непальського кордону. Сценаристи говорили зі справжніми членами загону. Мамутті грає буденно, без героїчних виходів: тут більше нічних переїздів і чекання, ніж пострілів.",https://www.imdb.com/title/tt25274786/
tt28479262,Sing Sing,Сінг-Сінг,2023,7.6,30543,США,США,англ.,Соціальна драма,Drama,реальна історія,,,"У Сінг-Сінгу з 1990-х працює театральна програма RTA, і саме її випускники грають тут майже всі ролі — Кларенс Маклін, який сам відсидів у цій тюрмі, зіграв себе. Ґреґ Кведар відштовхується від статті в Esquire та реальної постановки Брента Б'юелла, де змішалися Шекспір, гладіатори, ковбої та єгипетська мумія. Колман Домінго веде роль Джона «Дівайна Джі» Вітфілда, який доводить свою невинуватість і водночас утримує трупу вкупі. Актори й знімальна група працювали за однакову ставку з часткою від прибутку.",https://www.imdb.com/title/tt28479262/
tt14225838,Io Capitano,Я — капітан,2023,7.6,18279,Італія/Бельгія,Європа,вольоф/франц./італ.,Соціальна драма,Adventure; Drama,реальна історія,,,"Шістнадцятирічні Сейду й Мусса вирушають із Дакара до Європи через Нігер, Сахару й лівійські катівні контрабандистів — маршрут складено зі свідчень реальних мігрантів, зокрема Мамаду Куассі та Фофани Амари, які працювали консультантами. Маттео Ґарроне знімає це майже як казкову подорож, із насиченим кольором замість документальної сірості, і саму Європу не показує зовсім. Сейду Сарр отримав у Венеції приз Марчелло Мастроянні, Ґарроне — «Срібного лева» за режисуру.",https://www.imdb.com/title/tt14225838/
tt27367464,Kneecap,Kneecap,2024,7.6,25792,Ірландія / Велика Британія,Британія та Ірландія,"ірл., англ.",Музика та мистецтво,Comedy; Drama; Music,натхненний реальними подіями,,,"Троє з Белфаста — Моґлаї Бап, Мо Хара і вчитель музики, що виступає в балаклаві під іменем DJ Próvaí, — грають самих себе в напіввигаданій версії того, як почали читати реп ірландською. Річ Пеппіат знімає це швидко й нахабно: наркотики, поліція, сектантські розбірки й кампанія за офіційний статус ірландської мови в Північній Ірландії. Перша повнометражна ірландськомовна стрічка в конкурсі «Санденсу», де вона взяла приз глядацьких симпатій. Майкл Фассбендер грає батька-республіканця, який переховується.",https://www.imdb.com/title/tt27367464/
tt32916440,Marty Supreme,Марті Суприм,2025,7.6,213684,США,США,англ.,Спорт,Comedy; Drama; Sport; Thriller,натхненний реальними подіями,так,,"Марті Райсман на прізвисько «Голка» у 1940–50-х вигравав турніри й обігравав людей на гроші в нью-йоркських пінг-понгових залах, коли цей спорт у США не давав ані грошей, ані поваги. Джош Сафді не робить біографії: його героя звати Марті Маузер, і живе він за логікою Райсманових мемуарів, а не за хронологією його життя. Тімоті Шаламе грає одержимість без жодної паузи, у звичному для Сафді ритмі нервової гонитви.",https://www.imdb.com/title/tt32916440/
tt15097358,Bison Kaalamaadan,Бізон,2025,7.6,7946,Індія,Індія,тамільська,Спорт,Action; Biography; Drama; Sport,реальна історія,,,"Кабадді-гравець Манаті Ганесан виріс у сільському Тамілнаду, де сутички між сусідніми селами на кастовому ґрунті були частиною побуту, і все ж пробився до національної збірної. Марі Сельварадж називає героя Кіттаном і показує спорт як єдиний спосіб вийти з насильства, у яке того втягують від народження. Дгрув Вікрам грає майже без слів, здебільшого тілом; знімали в Діндіґулі та Раджапалаямі, і фільм мав сильний прокат.",https://www.imdb.com/title/tt15097358/
tt0195685,Erin Brockovich,Ерін Брокович,2000,7.5,249057,США,США,англ.,Суд і журналістика,Biography; Drama,реальна історія,,,"Гінклі, Каліфорнія, початок 1990-х: незаможна мати трьох дітей без юридичної освіти працює клеркою в конторі Еда Мазрі й натрапляє на медичні картки, що пов'язують хвороби мешканців із шестивалентним хромом зі свердловин PG&E. Содерберг тримає фокус не на засіданнях суду, а на польовій роботі — розмовах на кухнях і збиранні підписів. Джулія Робертс отримала за цю роль «Оскар». Компанія залагодила справу 1996 року виплатою 333 мільйонів доларів, хоча масштаб доведеної шкоди для здоров'я досі оскаржують.",https://www.imdb.com/title/tt0195685/
tt0238891,I cento passi (One Hundred Steps),Сто кроків,2000,7.5,7235,Італія,Європа,італ.,Кримінал,Biography; Crime; Drama,реальна історія,,,"Пеппіно Імпастато виріс у сицилійському Чінізі за сто кроків від дому боса Тано Бадаламенті — і з кінця 1960-х висміював мафію в ефірі власного Radio Aut. Марко Тулліо Джордана веде розповідь від дитинства до 9 травня 1978-го, коли Пеппіно вбили, а слідство спершу подало це як самогубство терориста. Луїджі Ло Кашо грає його на межі жарту й люті; сценарій отримав приз Венеції, а Бадаламенті засудили лише 2002 року.",https://www.imdb.com/title/tt0238891/
tt0215750,Enemy at the Gates,Ворог біля воріт,2001,7.5,295333,США/Німеччина/Велика Британія/Ірландія,США,англ.,Війна,Drama; History; War,натхненний реальними подіями,,Дуель Зайцева з «майором Кьоніґом» — радянська пропагандистська легенда без підтверджень; зображення штрафних загонів і боїв у Сталінграді теж істотно спотворене.,"Жан-Жак Анно бере реального снайпера Василя Зайцева, який восени 1942-го воював у руїнах Сталінграда, і будує навколо нього дуель із німецьким стрільцем (Ед Гарріс). Джуд Лоу грає пастуха з Уралу, що стає обличчям пропаганди, Джозеф Файнз — політрука, який цей образ виготовляє. Дуель із «майором Кеніґом» документально не підтверджена: німецьких слідів такого офіцера немає, тож епізод вважають радянською легендою.",https://www.imdb.com/title/tt0215750/
tt0221027,Blow,Кокаїн,2001,7.5,288752,США,США,англ.,Кримінал,Biography; Crime; Drama,реальна історія,,,"Джордж Юнг починав із марихуани в Каліфорнії кінця 1960-х, а вже у в'язниці познайомився з людиною, яка вивела його на Медельїнський картель Пабло Ескобара — і через нього в США пішли тонни кокаїну. Тед Демме веде оповідь від першої особи Юнга: від пляжів до федеральної тюрми, де той провів решту життя. Джонні Депп грає без іронії, майже сентиментально, і фільм не приховує, що дивиться на героя його ж очима.",https://www.imdb.com/title/tt0221027/
tt0161860,Nowhere in Africa,Ніде в Африці,2001,7.5,14858,Німеччина,Європа,нім./англ.,Голокост,Biography; Drama; History,реальна історія,,,"За автобіографічним романом Стефані Цвейг: наприкінці 1930-х єврейська родина Редліхів тікає з Німеччини на орендовану ферму в Кенії. Кароліне Лінк веде розповідь передусім очима матері Єттель і дівчинки Регіни, для якої вигнання стає домівкою, тоді як батько-юрист тужить за втраченою професією. Стримана сімейна хроніка на тлі британських таборів для «ворожих іноземців» здобула «Оскар» за найкращий іншомовний фільм 2003 року.",https://www.imdb.com/title/tt0161860/
tt0217505,Gangs of New York,Банди Нью-Йорка,2002,7.5,509575,США/Італія,США,англ.,Політика та історія,Crime; Drama,натхненний реальними подіями,,,"Скорсезе відштовхується від книжки Герберта Есбері 1927 року про кримінальний квартал Файв-Пойнтс і доводить дію до призовних бунтів у Нью-Йорку в липні 1863-го. Лінія помсти Амстердама Валлона Біллу «Різнику» вигадана, зате павільйонний Мангеттен Данте Ферретті й гра Деніела Дея-Льюїса зробили фільм подією: десять номінацій на «Оскар» і жодної статуетки. Прототип Білла, боксер Вільям Пул, насправді загинув ще 1855 року.",https://www.imdb.com/title/tt0217505/
tt0339707,Song for a Raggy Boy,Пісня для обірваного хлопця,2003,7.5,5290,Ірландія/Велика Британія/Данія/Іспанія,Британія та Ірландія,англ.,Соціальна драма,Drama; History,реальна історія,,,"Ірландський поет Патрік Ґалвін описав у мемуарах 1991 року рік, проведений у католицькій виправній школі, — Ейслінґ Волш перенесла це на екран як історію 1939-го. Новий світський учитель Вільям Франклін (Ейдан Квінн), який щойно повернувся з громадянської війни в Іспанії, стикається з режимом побиття, що його тримають брати-християни. Насильство показано без пом'якшень і без катарсису наприкінці. Стрічка вийшла в розпал ірландських розслідувань про систему притулків та виправних шкіл.",https://www.imdb.com/title/tt0339707/
tt0378897,A Touch of Spice,Політики кузина (Дрібка спецій),2003,7.5,15644,Греція/Туреччина,Європа,грец./тур.,Соціальна драма,Drama,натхненний реальними подіями,,,"Восени 1964-го Туреччина висилає зі Стамбула тисячі греків із грецьким громадянством — серед них хлопчика Фаніса, онука торговця прянощами. Тассос Булметіс, якого дитиною вивезли так само, розповідає це через кухню: спеції в нього працюють як мірки характеру й пам'яті, а дорослий Фаніс через десятиліття повертається до міста, звідки його забрали. Фільм став одним із найкасовіших у грецькому прокаті й повернув у розмову тему, яку довго обходили мовчанням.",https://www.imdb.com/title/tt0378897/
tt0338751,The Aviator,Авіатор,2004,7.5,412101,США/Німеччина,США,англ.,Наука і технології,Biography; Drama,реальна історія,,,"Мартін Скорсезе бере двадцять років Говарда Г'юза — від зйомок «Янголів пекла», що розоряли його студію, до сенатських слухань 1947-го й одного-єдиного польоту дерев'яної «Ялинової гуски». Леонардо Ді Капріо грає людину, у якої манія контролю поступово переростає в нав'язливий страх бруду. Зображення імітує двоколірний, а потім триколірний «Техніколор» відповідно до епохи. П'ять «Оскарів», зокрема Кейт Бланшетт за роль Кетрін Гепберн.",https://www.imdb.com/title/tt0338751/
tt0349825,Miracle,Диво,2004,7.5,64284,США,США,англ.,Спорт,Biography; Drama; History,реальна історія,,,"Герб Брукс зібрав збірну США зі студентів і за півроку виснажливих зборів підготував її до Олімпіади в Лейк-Плесіді. Ґевін О'Коннор знімає передусім тренерську роботу — відбір, тактику проти радянської машини, приниження заради згуртованості, — а Курт Рассел грає Брукса сухим і незручним. Матч із СРСР 22 лютого 1980-го, який американці виграли 4:3, був грою медального раунду, а не фіналом: золото здобули за два дні у грі з Фінляндією.",https://www.imdb.com/title/tt0349825/
tt0408306,Munich,Мюнхен,2005,7.5,255234,США/Канада/Франція,США,англ.,Політика та історія,Drama; History; Thriller,реальна історія,так,"Фільм спирається на книгу «Помста» Джорджа Джонаса, достовірність якої заперечують і Мосад, і численні журналісти; головне джерело — Ювал Авів — не підтвердив свого статусу учасника операції.","Після вбивства одинадцяти ізраїльських спортсменів на Олімпіаді 1972 року Моссад починає операцію «Гнів Божий». Спілберг зі сценаристами Тоні Кушнером та Еріком Ротом веде історію очима командира групи Авнера: що довший список, то менше він розуміє, кого й навіщо вбиває. Знято сухо, без героїчної інтонації, з довгими сценами очікування. Джерело — книжка Джорджа Джонаса «Помста», побудована на свідченнях одного колишнього агента, які й досі оспорюють.",https://www.imdb.com/title/tt0408306/
tt0450188,La Vie en Rose,Життя в рожевому кольорі,2007,7.5,94520,Франція / Велика Британія / Чехія,Європа,фр.,Музика та мистецтво,Biography; Drama; Music; Romance,реальна історія,,,"Едіт Піаф народилася 1915 року в паризькому Бельвілі, співала на вулицях і виросла в найбільший голос Франції, а померла у сорок сім, зруйнована морфієм і артритом. Олів'є Дан монтує її життя не по порядку: дитинство в борделі, Марсель Сердан і останні концерти йдуть упереміш. Маріон Котіяр отримала за цю роль «Оскар», зігравши Піаф на всьому проміжку від юності до смерті. Роки німецької окупації, найспірніший епізод біографії співачки, фільм фактично оминає.",https://www.imdb.com/title/tt0450188/
tt0443680,The Assassination of Jesse James by the Coward Robert Ford,Вбивство Джессі Джеймса боягузом Робертом Фордом,2007,7.5,205910,США / Канада / Велика Британія,США,англ.,Кримінал,Biography; Crime; Drama; History; Western,реальна історія,,,"Від пограбування потяга біля Блу-Кат у вересні 1881-го до пострілу в потилицю в Сент-Джозефі 3 квітня 1882-го — Ендрю Домінік екранізує роман Рона Гансена і майже не показує самих нальотів. Головний тут дев'ятнадцятирічний Роберт Форд, який виріс на дешевих книжечках про Джессі Джеймса й раптом опинився поруч із живим ідолом. Кейсі Аффлек номінувався за цю роль на «Оскар», Роджер Дікінз — за операторську роботу, музику написали Нік Кейв і Воррен Елліс.",https://www.imdb.com/title/tt0443680/
tt0427309,The Great Debaters,Великі дебатери,2007,7.5,66785,США,США,англ.,Соціальна драма,Biography; Drama; Romance,реальна історія,,,"Техас 1935 року: у чорношкірому коледжі Вайлі поет і профспілковий організатор Мелвін Толсон збирає команду дебатерів, яка починає обігравати білі університети — у штаті, де за вікном лінчують. Дензел Вашингтон як режисер тримає баланс між спортивною драмою і хронікою сегрегації; серед учнів Толсона — юний Джеймс Фармер, майбутній засновник Конгресу расової рівності. Реальний фінал 1935-го Вайлі виграв у команди Університету Південної Каліфорнії — у фільмі суперника замінили на Гарвард.",https://www.imdb.com/title/tt0427309/
tt0813547,The Counterfeiters,Фальшивомонетники,2007,7.5,48759,Австрія / Німеччина,Європа,нім.,Голокост,Crime; Drama; History; War,реальна історія,,,"Операція «Бернгард»: у окремому бараку Заксенгаузена нацисти зібрали друкарів, граверів і банківських службовців, щоб підробляти фунти стерлінгів і долари та підірвати економіку союзників. Штефан Рузовицький екранізує спогади учасника Адольфа Бурґера й ставить питання руба — робота за пайку й ліжко проти саботажу, який коштуватиме життя всій групі. Карл Марковіч грає Соломона Соровича, професійного фальшивомонетника, для якого якість підробки важить майже стільки ж, як виживання. «Оскар» за найкращий іншомовний фільм.",https://www.imdb.com/title/tt0813547/
tt1013753,Milk,Мілк,2008,7.5,186799,США,США,англ.,Політика та історія,Biography; Drama; History,реальна історія,,,"Ґас Ван Сент починає з сорокаліття Гарві Мілка в нью-йоркському метро й веде до 27 листопада 1978-го, коли колишній міський наглядач Ден Вайт застрелив його та мера Джорджа Москоне. Між цим — крамничка на Кастро, чотири виборчі кампанії поспіль і боротьба проти Пропозиції 6, яка мала заборонити геям учителювати. Хроніку тих років вмонтовано просто в дію. Шон Пенн отримав «Оскар» за роль, Дастін Ленс Блек — за сценарій.",https://www.imdb.com/title/tt1013753/
tt1068646,The Class,Клас,2008,7.5,37610,Франція,Європа,фр.,Соціальна драма,Drama,реальна історія,,,"Франсуа Беґодо викладав французьку в колежі паризького 20-го округу й написав про це книжку — у фільмі він грає самого себе. Лоран Канте рік працював зі справжніми учнями, які імпровізували в кадрі, тож більшість сцен — це суперечки в класі, де граматика раптом стає полем боротьби за гідність. «Золота пальмова гілка» 2008 року; камери постійно тримаються на рівні очей підлітків, а не вчителя.",https://www.imdb.com/title/tt1068646/
tt0449994,Jodhaa Akbar,Джодха і Акбар,2008,7.5,36811,Індія,Індія,"гінді, урду",Політика та історія,Action; Drama; History; Romance; War,натхненний реальними подіями,,"Історичність самої «Джодхи» сумнівна — ім'я не фігурує в моголських хроніках; романтична лінія й політичні сцени вигадані, фільм викликав протести істориків і раджпутських громад.","Ашутош Ґоварікер бере XVI століття: третій могольський падишах Акбар одружується з раджпутською принцесою, щоб замирити Амбер, і поступово будує державу, де індуїсти не платять податку за віру. Грітік Рошан і Айшварія Рай грають шлюб, що починався як угода між дворами. Понад три години батальних сцен, костюмів і музики А. Р. Рахмана. Історики заперечують саме ім'я «Джодха» — джерела називають дружину Акбара інакше, — і через це прокат фільму супроводжували протести в Раджастхані.",https://www.imdb.com/title/tt0449994/
tt0961066,Everlasting Moments,Вічні миті Марії Ларссон,2008,7.5,6211,Швеція / Данія / Норвегія / Фінляндія / Німеччина,Європа,швед.,Музика та мистецтво,Drama; History,реальна історія,,,"Мальме, початок XX століття: Марія Ларссон виграє в лотерею фотокамеру Contessa, спершу хоче її продати, а натомість починає знімати сусідів, дітей і — на замовлення — покійників. Ян Труелль зняв історію родини, яку його дружина й співсценаристка Аґнета Ульфсетер-Труелль зібрала зі спогадів нащадків Ларссон. Марія Гейскянен грає жінку, чий чоловік-докер п'є й розпускає руки, а камера стає єдиним простором, що належить тільки їй. Зображення навмисне зернисте, ніби знято на плівку тих років.",https://www.imdb.com/title/tt0961066/
tt0986233,Hunger,Голод,2008,7.5,76843,Велика Британія / Ірландія,Британія та Ірландія,англ.,Політика та історія,Biography; Crime; Drama,реальна історія,,,"Стів Макквін дебютував у повному метрі історією протестів у в'язниці Мейз під Белфастом: «брудний протест», побиття наглядачами і зрештою голодування 1981 року, під час якого Боббі Сендс помер на 66-й день. Фільм майже безсловесний, а в його середині — сімнадцятихвилинна розмова Сендса зі священником, знята одним нерухомим планом. Майкл Фассбендер різко схуд для ролі; у Каннах стрічка отримала «Золоту камеру».",https://www.imdb.com/title/tt0986233/
tt1259014,Mesrine: Killer Instinct,Ворог держави №1,2008,7.5,36816,Франція / Канада / Італія,Європа,фр.,Кримінал,Action; Biography; Crime; Drama; Thriller,реальна історія,так,,"Жак Мезрін пройшов Алжирську війну, паризький кримінал і канадські в'язниці, аж поки французька преса не назвала його ворогом держави номер один. Перша з двох частин Жана-Франсуа Ріше доводить його до зухвалої втечі з тюрми суворого режиму в Квебеку й спроби повернутися туди зі зброєю. Венсан Кассель, який набирав і скидав вагу між блоками зйомок, отримав «Сезар»; за основу взято автобіографію самого Мезріна, а той себе відверто прикрашав.",https://www.imdb.com/title/tt1259014/
tt1326972,Red Cliff II,Битва біля Червоної скелі 2,2009,7.5,26628,Китай / Гонконг / Тайвань / Японія / Південна Корея,Східна Азія,мандарин,Війна,Action; Adventure; Drama; History; War,натхненний реальними подіями,,"Фільм слідує не історичним хронікам, а роману «Трицарство» XIV століття: епізоди на кшталт «позичання стріл» і викликаного східного вітру — легенди, а не задокументовані факти.","Битва при Чібі на Янцзи 208 року, де союз Сунь Цюаня і Лю Бея спалив величезний флот Цао Цао, започаткувала поділ Китаю на Три царства. Джон Ву знімає другу половину кампанії — від хитрощів зі стрілами до вогняної атаки. Матеріал він бере радше з роману «Трицарство», ніж із хронік, тому дуель стратегів тут ефектніша за будь-який літопис; за масштабом масовки це був найдорожчий азійський фільм свого часу.",https://www.imdb.com/title/tt1326972/
tt1226271,The Damned United,Проклятий Юнайтед,2009,7.5,48763,Велика Британія,Британія та Ірландія,англ.,Спорт,Biography; Drama; Sport,реальна історія,,"Екранізація свідомо белетризованого роману Девіда Піса; родина Браяна Клафа та Джонні Джайлз оскаржували зображення подій, останній отримав компенсацію за наклеп.","Влітку 1974-го Браян Клаф очолив «Лідс Юнайтед» — команду Дона Реві, яку роками публічно зневажав, — і протримався 44 дні. Том Гупер за сценарієм Пітера Моргана монтує ці тижні з ретроспекціями про роботу Клафа в «Дербі Каунті» та про розрив із помічником Пітером Тейлором. Майкл Шин грає марнославство й уразливість одночасно. Родина Клафа й гравці «Лідса», зокрема Джонні Джайлз, заперечували чимало епізодів роману Девіда Піса, покладеного в основу.",https://www.imdb.com/title/tt1226271/
tt1542344,127 Hours,127 годин,2010,7.5,427216,США / Велика Британія / Франція,США,англ.,Катастрофа і виживання,Biography; Drama,реальна історія,,,"Квітень 2003-го, каньйон Блуджон в Юті: 27-річний Арон Ралстон нікому не сказав, куди йде, і п'ять днів простояв із правою рукою, притиснутою зірваним валуном. Денні Бойл вирішує майже нерухомий сюжет через відеощоденник героя, спогади й галюцинації, знімаючи кількома камерами в тісній щілині. Джеймс Франко тримає весь фільм сам; шість номінацій на «Оскар», зокрема за музику А. Р. Рахмана. Сценарій написано за спогадами самого Ралстона.",https://www.imdb.com/title/tt1542344/
tt1386932,Ip Man 2,Іп Ман 2,2010,7.5,117631,Гонконг / Китай,Східна Азія,кант.,Спорт,Action; Biography; Drama; History,натхненний реальними подіями,,Бій із британським боксером «Твістером» та конфлікт із колоніальною владою вигадані; від біографії Іп Мана залишився лише факт відкриття школи в Гонконзі.,"Іп Ман із родиною тікає до Гонконгу після 1949 року й відкриває школу віньчунь на даху — без учнів, без грошей і без згоди місцевих майстрів, які тримають ринок. Друга половина — вигаданий двобій із британським боксером Твістером, придуманий заради фінального ефекту: історичний Іп Ман нічого подібного не робив. Бої, зокрема поєдинок на круглому столі, ставив Семмо Хун, який тут-таки й грає. У фіналі з'являється хлопчик, що назветься Брюсом Лі.",https://www.imdb.com/title/tt1386932/
tt1288376,When We Leave,Чужа,2010,7.5,5730,Німеччина / Туреччина / Франція,Європа,"нім., тур.",Соціальна драма,Drama,натхненний реальними подіями,,,"Умай тікає зі Стамбула від чоловіка, який її б'є, і повертається з малим сином до батьків у Берлін — де сама її поява руйнує репутацію родини. Фео Аладаґ відштовхувалася від «убивств честі» в німецько-турецькому середовищі, передусім від справи Хатун Сюрюджю, застреленої в Берліні 2005 року. Сібель Кекіллі грає без надриву, і фільм тримає точку зору жінки, не перетворюючи її рідних на монстрів. Німецька кінопремія за головну роль і висування від Німеччини на «Оскар».",https://www.imdb.com/title/tt1288376/
tt2007993,Warriors of the Rainbow: Seediq Bale I,Воїни веселки: Сідік Бале,2011,7.5,7666,Тайвань,Східна Азія,"сідік, яп.",Війна,Action; Drama; History,реальна історія,,,"27 жовтня 1930 року на шкільному спортивному святі в гірському селищі Ушe воїни седік убили близько 134 японців — так почалося останнє велике повстання корінного народу проти колоніальної адміністрації Тайваню. Вей Те-шен показує й тридцять років до того: вирубку лісів, примусову працю, заборону татуювань і полювання на голови. Вождя Мона Рудао зіграв непрофесійний актор Лін Чін-тай, пресвітеріанський пастор, більшість інших ролей — теж представники корінних народів. Найдорожча тайванська постановка свого часу, спродюсована Джоном Ву.",https://www.imdb.com/title/tt2007993/
tt1276419,A Royal Affair,Королівський роман,2012,7.5,54385,Данія,Європа,дан.,Політика та історія,Biography; Drama; History; Romance,реальна історія,,,"Данія 1769–1772: німецький лікар Йоганн Фрідріх Струензе стає особистим медиком психічно хворого Кристіана VII, здобуває вплив при дворі й за півтора року видає сотні указів у дусі Просвітництва — від скасування цензури до заборони тортур. Паралельно триває його роман із королевою Кароліною Матильдою, яку видали заміж п'ятнадцятирічною. Ніколай Арсель тримає рівновагу між політикою і спальнею; Міккель Бое Фьольсґор за роль короля отримав «Срібного ведмедя», сценарій — ще одного. Фінал відомий: переворот 1772 року й ешафот.",https://www.imdb.com/title/tt1276419/
tt2258281,Beyond the Hills,За пагорбами,2012,7.5,13992,Румунія,Європа,рум.,Соціальна драма,Drama,реальна історія,,,"У червні 2005-го в монастирі Танаку на сході Румунії померла молода послушниця Іріна Корнічі: священник і четверо черниць кілька днів тримали її прив'язаною, «виганяючи біса». Крістіан Мунджу взяв за основу документальні книжки Тетяни Ніколеску-Бран і зосередився на двох дівчатах з одного дитбудинку — одна пішла в монастир, друга приїхала її забрати. Знято довгими планами, без музики і без злодіїв: усі діють із найкращих намірів. Канни-2012: приз за сценарій і поділена нагорода двом актрисам.",https://www.imdb.com/title/tt2258281/
tt1649419,The Impossible,Неможливе,2012,7.5,266519,Іспанія,Європа,англ.,Катастрофа і виживання,Drama; History; Thriller,реальна історія,так,,"26 грудня 2004 року цунамі накрило готель у таїландському Кхао-Лаку, де відпочивала іспанська родина Марії Белон із трьома синами. Хуан Антоніо Байона знімає перші хвилини хвилі майже без цифрових ефектів — величезним резервуаром, мініатюрами й каскадерами, — а далі це історія пошуку одне одного по лікарнях. Наомі Воттс отримала номінацію на «Оскар», Том Голланд тут дебютував. Заміна іспанської родини на британську викликала докори у «вибілюванні» історії.",https://www.imdb.com/title/tt1649419/
tt2140373,Saving Mr. Banks,Рятуючи містера Бенкса,2013,7.5,176456,"США, Велика Британія",США,англ.,Музика та мистецтво,Biography; Comedy; Drama,реальна історія,,"Фільм створено студією Disney про саму студію: реальна Памела Треверс ненавиділа екранізацію «Мері Поппінс» і плакала на прем'єрі від обурення, що у фільмі подано як зворушення.","Волт Дісней двадцять років домагався в Памели Треверс прав на «Мері Поппінс», і 1961 року вона нарешті приїхала до Лос-Анджелеса на два тижні переговорів. Джон Лі Генкок перемежовує ці зустрічі — з диктофонними записами, які письменниця вимагала вести, — спогадами про її дитинство в Австралії й батька-алкоголіка. Емма Томпсон грає Треверс в'їдливою, але фільм студії Disney про студію Disney помітно пом'якшує розв'язку: реальна авторка екранізацію зненавиділа.",https://www.imdb.com/title/tt2140373/
tt2334649,Fruitvale Station,Станція «Фрутвейл»,2013,7.5,92891,США,США,англ.,Соціальна драма,Biography; Crime; Drama,реальна історія,,,"Фільм відтворює 31 грудня 2008-го — останню добу 22-річного Оскара Гранта, який під ранок 1 січня загинув від пострілу поліцейського BART на платформі станції «Фрутвейл» в Окленді. Раян Куглер у дебюті свідомо знімає буденність: робота, донька, мати, спроби зав'язати. Відкриває картину справжнє аматорське відео з телефона свідка. Гран-прі й приз глядацьких симпатій «Санденсу», нагорода «Особливого погляду» в Каннах; у головних ролях Майкл Б. Джордан і Октавія Спенсер.",https://www.imdb.com/title/tt2334649/
tt1091191,Lone Survivor,Уцілілий,2013,7.5,326019,США,США,англ.,Війна,Action; Biography; Drama; War,реальна історія,,,"Червень 2005-го, провінція Кунар: чотирьох «морських котиків», закинутих у гори по польового командира Ахмад Шаха, випадково виявляють пастухи, і групі доводиться вирішувати, що з ними робити. Пітер Берґ екранізував спогади Маркуса Латтрелла, доводячи бій на схилі до майже фізіологічної подробиці, а другу половину віддає селу Сабрай і Ґулабу, який сховав пораненого за законом пуштунвалі. Кількість бойовиків, названу в книжці Латтрелла — від 80 до 200, — офіційні оцінки не підтверджують: ішлося радше про десяток.",https://www.imdb.com/title/tt1091191/
tt0453562,42,42,2013,7.5,109639,США,США,англ.,Спорт,Biography; Drama; Sport,реальна історія,,,"15 квітня 1947 року Джекі Робінсон вийшов на поле за «Бруклін Доджерс» і зламав неписану сегрегацію Вищої бейсбольної ліги. Браян Гелґеленд обмежується двома сезонами — від підписання контракту до першого повного року в лізі — і майже стільки ж уваги віддає менеджеру Бренчу Рікі (Гаррісон Форд), який цю авантюру задумав. Чедвік Боузман грає Робінсона підкреслено стриманим: за домовленістю той не мав права відповідати на образи.",https://www.imdb.com/title/tt0453562/
tt1020072,Selma,Сельма,2014,7.5,99590,США,США,англ.,Політика та історія,Biography; Drama; History,реальна історія,,,"На початку 1965 року чорні мешканці Алабами практично не могли зареєструватися для голосування; три марші з Сельми до Монтгомері, перший із яких розігнали кийками на мосту Едмунда Петтуса, привели до ухвалення Акта про виборчі права. Ава Дюверней бере лише ці кілька місяців і показує Кінга (Девід Ойелоуо) як тактика, що зважує кожен крок, а не як монумент. Пісня Glory отримала «Оскар». Найгостріша претензія істориків — надто впертий Ліндон Джонсон, який насправді підтримував закон активніше.",https://www.imdb.com/title/tt1020072/
tt3671542,Holding the Man,Тримаючи чоловіка,2015,7.5,14329,Австралія,Австралія і Океанія,англ.,Соціальна драма,Biography; Drama; History; Romance,реальна історія,,,"Мельбурн, 1976-й: у католицькому Xavier College старшокласник Тімоті Коніґрейв закохується в капітана шкільної футбольної команди Джона Кейлі, і цей зв'язок триває п'ятнадцять років. Ніл Армфілд екранізував мемуари Коніґрейва, дописані за десять днів до його смерті 1994-го — Джон помер двома роками раніше. Раян Корр і Крейґ Стотт ведуть пару від шкільної форми до лікарняних палат кінця 1980-х, батьків грають Ґай Пірс і Ентоні ЛаПалья. Інтонація навмисне легка там, де легкості вже не лишається.",https://www.imdb.com/title/tt3671542/
tt6068960,Hatred (Wolyn),Волинь,2016,7.5,7684,Польща,Європа,"польська, українська",Війна,Drama; War,реальна історія,,,"Улітку 1943 року на Волині українські повстанці вбивали польське цивільне населення; кількість жертв досі лишається предметом суперечок істориків обох країн. Войцех Смажовський дивиться на це очима сільської дівчини Зосі (Міхаліна Лабач), яку віддали заміж за старшого поляка, і веде глядача через кілька років розпаду сусідського життя. Насильство знято демонстративно докладно, майже без пауз. В Україні фільм у прокат не виходив, а українські й частина польських істориків закидали йому однобокість — зустрічні вбивства майже не показані.",https://www.imdb.com/title/tt6068960/
tt4451458,Endless Poetry,Нескінченна поезія,2016,7.5,7082,Чилі/Франція/Японія,Латинська Америка,ісп.,Автобіографія,Biography; Drama; Fantasy,реальна історія,,,"Друга частина автобіографічної дилогії Алехандро Ходоровські після «Танцю реальності»: юність у Сантьяго 1940–50-х, розрив із батьком-крамарем і входження в богемне коло поетів разом із Енріке Ліном та Стеллою Діас Варін. Себе молодого грає рідний син режисера Адан, батька — інший син, Бронтіс, а сам Ходоровські з'являється як коментатор власних спогадів. Оператор Крістофер Дойл знімає це як барвистий карнавал, де реальність постійно зривається в театр.",https://www.imdb.com/title/tt4451458/
tt5580036,"I, Tonya","Я, Тоня",2017,7.5,263362,США,США,англ.,Спорт,Biography; Comedy; Drama; Sport,реальна історія,,,"У січні 1994-го на Ненсі Керріган напали з палицею перед олімпійським відбором, і слід повів до оточення її суперниці Тоні Гардінг; та все одно поїхала до Ліллегаммера, а згодом отримала довічну заборону. Крейг Джилліспі будує фільм на суперечливих інтерв'ю учасників: усі брешуть, тож ключові сцени існують у кількох несумісних версіях. Марго Роббі грає Гардінг без пом'якшення, а Еллісон Дженні отримала «Оскар» за роль її матері.",https://www.imdb.com/title/tt5580036/
tt1485796,The Greatest Showman,Найвеличніший шоумен,2017,7.5,352302,США,США,англ.,Музика та мистецтво,Biography; Drama; Musical; Romance,натхненний реальними подіями,,Мюзикл суттєво відбілює Ф. Т. Барнума: замовчано експлуатацію артистів і рабині Джойс Гет; романтична лінія з Дженні Лінд та більшість персонажів вигадані.,"Ф. Т. Барнум у 1840-х відкриває в Нью-Йорку музей курйозів, збирає трупу з людей, яких місто воліло не бачити, і вирушає в турне зі шведською співачкою Дженні Лінд. Майкл Ґрейсі знімає це як сучасний мюзикл із поп-номерами Пасека і Пола — «This Is Me» здобула «Золотий глобус». Історичного Барнума фільм переписує майже повністю: обходить, як той виставляв напоказ поневолену Джойс Гет, і перетворює комерційну експлуатацію артистів на історію про прийняття.",https://www.imdb.com/title/tt1485796/
tt5462602,The Big Sick,Любов — хвороба,2017,7.5,151365,США,США,"англ., урду",Автобіографія,Comedy; Drama; Romance,реальна історія,,,"Кумейл Нанджіані і Емілі В. Ґордон написали сценарій про власне знайомство: пакистанський комік із Чикаго сходиться з американкою, ховає її від батьків, які підшукують йому дружину-мусульманку, а потім її через рідкісну хворобу вводять у штучну кому. Нанджіані грає себе, Емілі — Зої Казан, а найкраще тут — дні з її батьками (Голлі Гантер і Рей Романо) в лікарняному коридорі. Номінація на «Оскар» за оригінальний сценарій. Хронологію стиснуто, діагноз і кома були справжні.",https://www.imdb.com/title/tt5462602/
tt7691572,Cyborgs: Heroes Never Die,Кіборги. Герої не вмирають,2017,7.5,8173,Україна,Східна Європа,"українська, російська",Війна,Action; Drama; War,реальна історія,,,"Ахтем Сеїтаблаєв зняв фільм про оборону нового терміналу Донецького аеропорту взимку 2014–2015 років — 242 дні, за які захисників почали називати «кіборгами». Прізвищ у героїв немає, лише позивні: Мажор, Серпень, Псих, Субота — збірні образи добровольців і кадрових військових. Замість батальних епізодів більшість екранного часу займають розмови в бетонних руїнах: про мову, історію, віру й про те, за що саме вони тут стоять.",https://www.imdb.com/title/tt7691572/
tt6299040,The Ghazi Attack,Атака «Газі»,2017,7.5,16162,Індія,Індія,"гінді, телугу",Війна,Action; Drama; Thriller; War,натхненний реальними подіями,так,"Причини загибелі PNS Ghazi досі непевні (ймовірно, вибух власних мін); підводна дуель у фільмі — вигадка, а офіційні індійська й пакистанська версії суперечать одна одній.","На початку грудня 1971 року пакистанський підводний човен PNS Ghazi затонув біля Вішакхапатнама разом з усім екіпажем: Індія приписує це глибинним бомбам есмінця INS Rajput, Пакистан — вибуху власних мін. Санкальп Редді бере індійську версію і робить із неї камерний трилер, майже цілком замкнений у відсіках субмарини. Це перший індійський підводний воєнний фільм; його знімали одночасно телугу й гінді, у головних ролях Рана Даггубаті та Кей Кей Менон.",https://www.imdb.com/title/tt6299040/
tt5083738,The Favourite,Фаворитка,2018,7.5,260776,Ірландія / Велика Британія / США,Британія та Ірландія,англ.,Політика та історія,Biography; Comedy; Drama; History,натхненний реальними подіями,,"Свідомо вільна інтерпретація: історики заперечують показані сексуальні стосунки королеви Анни з фрейлінами, епізод з отруєнням і низку інших подій.","Початок XVIII століття, Англія воює з Францією, а хвора на подагру королева Анна майже не встає — країною керує її подруга Сара Черчилль, поки при дворі не з'являється збідніла родичка Ебігейл Гілл. Йоргос Лантімос знімає це надширококутними об'єктивами при свічках, вкладає в уста героїнь сучасну лайку і перетворює двірцеву інтригу на змагання трьох жінок. Олівія Колман отримала «Оскар», Емма Стоун і Рейчел Вайс — номінації. Любовний трикутник спирається радше на памфлети ображеної Сари, ніж на доведені факти.",https://www.imdb.com/title/tt5083738/
tt6543652,Cold War,Холодна війна,2018,7.5,65923,Польща / Франція / Велика Британія,Європа,"польська, франц.",Музика та мистецтво,Drama; Music; Romance,натхненний реальними подіями,,,"Павел Павліковський назвав героїв іменами своїх батьків — Зула і Віктор — і розтягнув їхню історію на п'ятнадцять років: Польща 1949-го, фольклорний ансамбль, який держава швидко перетворює на пропаганду, потім Берлін, Париж, Югославія, повернення. Кадр квадратний, плівка чорно-біла, епізоди обриваються різко, лишаючи цілі роки за монтажним стиком. Йоанна Куліг співає «Dwa serduszka» в кількох аранжуваннях — від села до паризького джазу. Приз за режисуру в Каннах і три номінації на «Оскар».",https://www.imdb.com/title/tt6543652/
tt6588966,Hichki,Гикавка,2018,7.5,15582,Індія,Індія,гінді,Соціальна драма,Comedy; Drama,натхненний реальними подіями,,,"Наїна Матхур (Рані Мукерджі) хоче викладати, але синдром Туретта змушує її мимоволі скрикувати — школи відмовляють, доки одна не віддає їй клас підлітків зі знесеного нетрища. Основа — автобіографія американця Бреда Коена «Front of the Class» про вчителя з тим самим діагнозом. Сіддхартх Мальхотра переносить сюжет у кастово й майново розшароване індійське місто, де головний конфлікт не в діагнозі, а в тому, кого школа взагалі вважає своїм. Тон світлий, розв'язки передбачувані.",https://www.imdb.com/title/tt6588966/
tt6792282,A Twelve-Year Night,Дванадцятирічна ніч,2018,7.5,11811,Уругвай / Аргентина / Іспанія,Латинська Америка,ісп.,Політика та історія,Adventure; Biography; Crime; Drama; History,реальна історія,,,"У вересні 1973-го уругвайська хунта вивезла з в'язниці дев'ятьох тупамарос як «заручників»: серед них Хосе Мухіка, Маурісіо Розенкоф і Елеутеріо Фернандес Уїдобро провели дванадцять років в одиночках і ямах, з обмеженням води й забороною говорити. Альваро Бречнер знімає тісно й темно, майже не випускаючи камеру назовні. Мухіка згодом став президентом Уругваю, Розенкоф — драматургом, Фернандес Уїдобро — міністром оборони; двоє з них консультували фільм.",https://www.imdb.com/title/tt6792282/
tt7349662,BlacKkKlansman,Чорний куклукскланівець,2018,7.5,317005,США,США,англ.,Кримінал,Biography; Comedy; Crime; Drama; Thriller,реальна історія,так,,"Рон Сталворт, перший чорношкірий поліціянт Колорадо-Спрінгс, наприкінці 1970-х зателефонував за газетним оголошенням Ку-клукс-клану, отримав членський квиток на власне ім'я, а на зустрічі замість нього ходив білий колега-єврей. Спайк Лі екранізує його мемуари з Джоном Девідом Вашинґтоном і Адамом Драйвером, тримає комедійну інтонацію — і завершує кадрами з Шарлоттсвілля 2017 року. «Оскар» за адаптований сценарій; режисер Бутс Райлі публічно дорікав фільму надто прихильним портретом поліції.",https://www.imdb.com/title/tt7349662/
tt7125774,Balloon,Повітряна куля,2018,7.5,15117,Німеччина,Європа,нім.,Політика та історія,Drama; History; Thriller,реальна історія,так,,"Дві родини з тюрінзького Пессенека два роки шили з підкладкової тканини повітряну кулю, щоб перелетіти прикордонну смугу НДР; перша спроба в липні 1979-го провалилася, і Штазі почала шукати власників за клаптями, знайденими в лісі. Міхаель «Буллі» Гербіг зняв натягнутий трилер про гонку: хто швидше — вони дошиють другу кулю чи їх вирахують. Політ у ніч на 16 вересня 1979-го закінчився в баварській Найлі. Ту саму історію 1982 року вже екранізував Disney.",https://www.imdb.com/title/tt7125774/
tt3513548,Richard Jewell,Справа Річарда Джуелла,2019,7.5,108130,США,США,англ.,Суд і журналістика,Biography; Crime; Drama,реальна історія,,"Сцена, де журналістка Кеті Скраґґс здобуває інформацію в обмін на секс, вигадана; газета Atlanta Journal-Constitution офіційно вимагала спростування.","27 липня 1996-го охоронець Річард Джуелл помітив рюкзак у Столітньому олімпійському парку Атланти й почав виводити людей; після вибуху його три місяці цькували як головного підозрюваного, поки ФБР не зняло звинувачення. Клінт Іствуд екранізував статтю Марі Бреннер у Vanity Fair — про те, як слідство й газети разом ліплять «профіль» винного. Пол Волтер Гаузер, Сем Роквелл і номінована на «Оскар» Кеті Бейтс. Найгостріша претензія — вигаданий епізод із журналісткою, яка дістає злив в обмін на секс.",https://www.imdb.com/title/tt3513548/
tt8291806,Pain and Glory,Біль і слава,2019,7.5,67623,Іспанія,Європа,ісп.,Автобіографія,Drama,натхненний реальними подіями,,,"Педро Альмодовар знімає майже про себе: режисер Сальвадор Малло — Антоніо Бандерас у перуці й одязі самого Альмодовара — не працює через хронічний біль, мириться з актором після тридцяти років мовчання і згадує дитинство в побілених печерних оселях, де мати (Пенелопа Крус) прала білизну в річці. Бандерас отримав за цю роль приз Каннів. Сам режисер називає фільм автофікцією й наполягає, що вигадав більше, ніж здається.",https://www.imdb.com/title/tt8291806/
tt8108206,Saand Ki Aankh,Бичаче око,2019,7.5,6009,Індія,Індія,гінді,Спорт,Biography; Drama,реальна історія,,,"Чандро і Пракаші Томар із села Джохарі в Уттар-Прадеші вперше взяли пістолет після шістдесяти — супроводжуючи онучок у тир — і за наступні роки зібрали сотні медалей, ставши найстаршими стрільчинями Індії. Тушар Хіранандані знімає це як комедію про двох невісток у патріархальному домі, які тренуються потайки від чоловіків. Бгумі Педнекар і Тапсі Панну грають героїнь від шістдесяти й далі — і саме за цей кастинг фільм критикували найгостріше: ролі не віддали літнім акторкам.",https://www.imdb.com/title/tt8108206/
tt8637428,The Farewell,Прощання,2019,7.5,76037,США/Китай,США,англ./кит.,Автобіографія,Comedy; Drama,реальна історія,,,"Родина Лулу Ван дізналася, що бабусі лишилося кілька місяців, і за китайським звичаєм вирішила їй нічого не казати, а зібрати всіх у Чанчуні під приводом поспішного весілля двоюрідного брата. Спершу режисерка розповіла це в радіопрограмі This American Life, потім зняла фільм, який відкривається титром «засновано на справжній брехні». Аквафіна грає Біллі, американку китайського походження, для якої мовчання виглядає зрадою, а не турботою. Реальна Най-Най на момент прем'єри була жива й діагноз пережила.",https://www.imdb.com/title/tt8637428/
tt8108274,Tanhaji: The Unsung Warrior,Танхаджі: Неоспіваний воїн,2020,7.5,38909,Індія,Індія,гінді,Війна,Action; Biography; Drama; History,натхненний реальними подіями,,"Значні історичні викривлення: Удайбхан Ратход та більшість сцен вигадані, конфлікт подано в релігійних категоріях, чого не було в реальній битві за Сінхагад 1670 року.","Лютий 1670 року: маратхський воєначальник Танаджі Малусаре штурмує гірський форт Кондхана, який Шіваджі за договором віддав Моголам, — і гине в бою, здобувши фортецю, згодом перейменовану на Сінхагад. Ом Раут знімає стилізований 3D-бойовик із уповільненнями й густою графікою: Аджай Девґн у ролі Танаджі, Саїф Алі Хан — коменданта Удайбхана. Найкасовіший гінді-фільм 2020 року. Історики закидали стрічці вільне поводження з фактами й підганяння битви XVII століття під сучасну риторику.",https://www.imdb.com/title/tt8108274/
tt9620288,King Richard,Король Річард,2021,7.5,193215,США,США,англ.,Спорт,Biography; Drama; History; Sport,реальна історія,,,"Річард Вільямс написав план на 78 сторінок ще до народження доньок, а потім роками тягав Вінус і Серену на розбиті корти Комптона, воюючи з бандами, тренерами й тенісною індустрією. Рейнальдо Маркус Грін обриває історію на професійному дебюті Вінус 1994 року: це фільм не про чемпіонок, а про батька, який тримався свого розрахунку всупереч усім. Вілл Сміт отримав «Оскар», Онджаню Елліс — номінацію. Продюсерками були самі сестри, і шорсткого в характері батька сюди увійшло небагато.",https://www.imdb.com/title/tt9620288/
tt8721424,"tick, tick... BOOM!",Тік-так... БУМ!,2021,7.5,129877,США,США,англ.,Музика та мистецтво,Biography; Comedy; Drama; Music; Musical,реальна історія,,,"Нью-Йорк 1990-го: Джонатан Ларсон працює офіціантом у забігайлівці Moondance, дописує футуристичний мюзикл Superbia і панікує, що йому от-от 30, а на сцену нічого не вийшло. Лін-Мануель Міранда дебютував як режисер, розгорнувши автобіографічне моношоу Ларсона у подвійну структуру — концерт і флешбеки. Ендрю Ґарфілд навчився співати спеціально для ролі. Ларсон помер від розшарування аорти 1996 року, напередодні першого показу «Богеми», яка згодом отримала Пулітцера.",https://www.imdb.com/title/tt8721424/
tt7518786,83,83,2021,7.5,43324,Індія,Індія,гінді,Спорт,Drama; History; Sport; Biography,реальна історія,,,"25 червня 1983 року збірна Індії, яку букмекери оцінювали як безнадійного аутсайдера, обіграла на «Лордзі» двократних чемпіонів світу з Вест-Індії. Кабір Хан веде відлік від вильоту команди до Англії й майже покадрово відтворює ключові матчі — зокрема 175 очок Капіла Дева проти Зімбабве, телезапис яких не зберігся. Ранвір Сінгх ставив удари з самим Капілом Девом, а гравці тієї збірної консультували знімальну групу.",https://www.imdb.com/title/tt7518786/
tt4761112,The Mauritanian,Мавританець,2021,7.5,72611,Велика Британія / США,Британія та Ірландія,англ.,Суд і журналістика,Biography; Drama; Thriller,реальна історія,так,,"Мохамеду Ульд Слахі затримали 2001 року в Мавританії, і наступні чотирнадцять років він провів у Гуантанамо без жодного пред'явленого звинувачення. Кевін Макдональд знімає за його книжкою «Щоденник Гуантанамо», написаною в камері й виданою з чорними цензурними плямами, і ставить поруч дві юридичні лінії — адвокатки Ненсі Голландер і військового прокурора, який зрештою відмовився вести справу. Тахар Рахім грає без жертовної пози, з гумором, що дратує співрозмовників. Джоді Фостер отримала «Золотий глобус» за роль другого плану.",https://www.imdb.com/title/tt4761112/
tt14208870,The Fabelmans,Фабельмани,2022,7.5,136706,США,США,англ.,Автобіографія,Biography; Drama,натхненний реальними подіями,,,"Стівен Спілберґ уперше зняв про себе: Семмі Фабельман (Ґабріель ЛаБелль) знімає на 8-мм камеру війни й вестерни з друзями, поки родина переїжджає з Нью-Джерсі в Аризону, а потім у Каліфорнію, — доки монтаж домашньої плівки не показує йому те, чого він бачити не хотів. Мішель Вільямс грає матір-піаністку, Пол Дано — батька-інженера. Імена й деталі змінено, розлучення батьків і роль камери в ньому — ні. Приз глядацьких симпатій у Торонто і сім номінацій на «Оскар».",https://www.imdb.com/title/tt14208870/
tt15006566,The Beasts,Звірі,2022,7.5,26319,Іспанія/Франція,Європа,ісп./франц./галісійська,Кримінал,Drama; Thriller,натхненний реальними подіями,так,,"1997 року нідерландець Мартін Верфондерн оселився в майже покинутому галісійському селі Сантоалья; після років ворожнечі з сусідами він зник у січні 2010-го, а рештки знайшли лише через чотири роки. Родріго Сорогоєн переніс цю основу на французьке подружжя, що відроджує старий будинок і голосує проти вітрової електростанції, позбавляючи сусідів-братів шансу на гроші. Напруга росте з дрібниць — погляду в барі, отруєної води. Дев'ять «Гойя», зокрема за фільм, режисуру й обидві чоловічі акторські категорії.",https://www.imdb.com/title/tt15006566/
tt5537002,Killers of the Flower Moon,Вбивці квіткової повні,2023,7.5,312203,США,США,англ.,Кримінал,Crime; Drama; History,реальна історія,,,"У 1920-х осейджі в Оклахомі були серед найбагатших людей США: нафта під резервацією належала їм за правом «хедрайтів» — і саме тому їх почали методично вбивати. Скорсезе за книжкою Девіда Ґранна дивиться не з боку слідства, а зсередини родини: Ернест Беркхарт одружується з Моллі Кайл, поки його дядько Вільям Гейл (Роберт Де Ніро) вибудовує схему спадкування. Ліллі Ґледстоун грає майже мовчки, і на ній тримається моральна вага трьох з половиною годин. Федеральні агенти з'являються аж в останній третині.",https://www.imdb.com/title/tt5537002/
tt21064584,The Iron Claw,Залізний кіготь,2023,7.5,121363,США,США,англ.,Спорт,Biography; Drama; History; Sport,реальна історія,,,"Фріц фон Еріх виховав синів професійними реслерами й тримав техаську промоцію World Class, а протягом 1980-х один за одним померли Девід, Майк і Керрі. Шон Даркін дивиться на це очима Кевіна, єдиного, хто залишився, і знімає радше драму про батьківський тиск, ніж спортивний фільм. Зак Ефрон радикально перебудував тіло під роль; брата Кріса зі сценарію прибрали — режисер пояснював, що стільки смертей в одній родині глядач просто не сприйняв би.",https://www.imdb.com/title/tt21064584/
tt13097932,One Life,Одне життя,2023,7.5,41233,Велика Британія,Британія та Ірландія,англ.,Голокост,Biography; Drama; History,реальна історія,,,"Наприкінці 1938-го лондонський біржовий маклер Ніколас Вінтон поїхав до Праги й за кілька місяців організував вісім потягів, якими до британських родин вивезли 669 переважно єврейських дітей; дев'ятий, 1 вересня 1939 року, кордону вже не перетнув. Джеймс Гоуз чергує ту зиму з 1980-ми, коли літній Вінтон (Ентоні Гопкінс) розбирає стару валізу зі списками. Кульмінація відтворює реальний випуск телепрограми That's Life! 1988 року.",https://www.imdb.com/title/tt13097932/
tt22507524,12.12: The Day,12.12: День,2023,7.5,5147,Південна Корея,Східна Азія,кор.,Політика та історія,Action; Crime; Drama; History; Thriller; War,реальна історія,так,,"12 грудня 1979 року, через два місяці після вбивства Пак Чон Хі, група генералів за одну ніч перебирає на себе армію, а з нею й країну. Кім Сон Су розписує ці дев'ять годин майже похвилинно: телефонні лінії, ворота штабу, колони, що входять у Сеул, і мінлива лояльність тих, кому доводиться вирішувати за секунди. Імена змінено, але прототипи прозорі — Хван Джон Мін і Чон У Сон грають два полюси однієї касти. Понад тринадцять мільйонів глядачів у корейському прокаті.",https://www.imdb.com/title/tt22507524/
tt14260836,Better Man,Кращий,2024,7.5,47208,Австралія / Велика Британія,Австралія і Океанія,англ.,Музика та мистецтво,Biography; Drama; Fantasy; Music; Musical,реальна історія,,,"Роббі Вільямс пройшов шлях від підлітка в Take That до сольної суперзірки, панічних атак і залежностей — і сам розповідає це закадровим голосом. Майкл Ґрейсі зняв біографію, у якій співака від початку до кінця грає CGI-шимпанзе (пластику й міміку віддав Джонно Девіс), а решта світу лишається звичайною і ніхто цього не помічає. Музичні номери поставлено як великі одноплановки, зокрема сцена на Ріджент-стріт. Номінація на «Оскар» за візуальні ефекти при провальних касових зборах.",https://www.imdb.com/title/tt14260836/
tt5177114,Young Woman and the Sea,Дівчина і море,2024,7.5,20608,США,США,англ.,Спорт,Biography; Drama; History; Romance,реальна історія,,,"6 серпня 1926 року двадцятирічна американка Труді Едерле перепливла Ла-Манш за 14 годин 34 хвилини — майже на дві години швидше за чоловічий рекорд, і це після зірваної спроби роком раніше. Йоахім Роннінг веде класичну спортивну біографію: Нью-Йорк 1910-х, де дівчат не вчили плавати, Олімпіада в Парижі, конфлікт із федерацією і тренером. Дейзі Рідлі провела в холодній воді більшу частину зйомок. Удома Едерле зустрічали парадом із конфеті — одним із найбільших в історії Нью-Йорка.",https://www.imdb.com/title/tt5177114/
tt10236164,The Girl with the Needle,Дівчина з голкою,2024,7.5,20832,Данія,Європа,дан.,Кримінал,Crime; Drama; History,натхненний реальними подіями,,,"Копенгаген 1919 року: швачка Кароліна, вагітна й без опори після війни, знаходить жінку, яка обіцяє прилаштувати немовля в добру родину. Ця жінка — Даґмар Овербю, реальна вбивця, засуджена 1921-го за смерть щонайменше дев'яти дітей. Маґнус фон Горн знімає в різкому чорно-білому, з експресіоністичними обличчями й майже беззвучним жахом; Кароліна вигадана — її очима подано історичну справу. Данська номінація на «Оскар» за найкращий міжнародний фільм.",https://www.imdb.com/title/tt10236164/
tt23782584,Nr. 24,Номер 24,2024,7.5,20867,Норвегія,Європа,норв./нім.,Війна,Biography; Drama; War,реальна історія,,,"Ґуннар Сьонстебю під номером 24 очолював «Ослоську банду» — групу диверсантів, яка під час нацистської окупації підривала архіви призову, склади й заводи; він став найнагороджуванішим норвежцем Другої світової. Джон Андреас Андерсен обрамляє історію лекцією літнього Сьонстебю перед школярами: він розповідає, а фільм показує операції та ціну, яку платили спіймані. Молодого героя грає Сьюр Ватне Бреан, старшого — Ерік Хів'ю. Після виходу на Netflix 2025 року стрічка стала найпопулярнішим норвезьким фільмом сервісу.",https://www.imdb.com/title/tt23782584/
tt29271622,Palestine 36,Палестина 36,2025,7.5,7722,Палестина,Близький Схід і Африка,араб.,Політика та історія,Drama; History; War,натхненний реальними подіями,,,"1936 рік: загальний страйк переростає у збройне повстання проти британського мандату, яке триватиме три роки й закінчиться поразкою. Аннемарі Джасір веде оповідь через Юсуфа, молодого чоловіка, що курсує між рідним селом і Єрусалимом, а поруч виводить реальних постатей мандату — верховного комісара Артура Вокопа (Джеремі Айронс), поліційного радника Чарльза Теґарта (Ліам Каннінгем) і Орда Вінґейта (Роберт Арамайо). Режисерка збирала матеріал понад десять років. Прем'єра в Торонто, головний приз у Токіо та висування Палестини на «Оскар».",https://www.imdb.com/title/tt29271622/
tt0252444,Rabbit-Proof Fence,Паркан від кролів,2002,7.4,31797,Австралія,Австралія і Океанія,англ.,Соціальна драма,Adventure; Biography; Drama,реальна історія,,,"1931 року трьох дівчат-аборигенок — Моллі, Дейзі й Ґрейсі — забрали від матерів до табору Мур-Рівер у Західній Австралії. Вони втекли й пройшли пішки близько двох тисяч кілометрів додому в Джиґалонг, орієнтуючись на протикролячий паркан, що перетинав континент. Філліп Нойс екранізував книжку Доріс Пілкінгтон Ґарімари, доньки Моллі; Кеннет Брана грає чиновника О. Невілла, який особисто керував політикою «вкрадених поколінь».",https://www.imdb.com/title/tt0252444/
tt0305206,American Splendor,Американське пишноття,2003,7.4,54989,США,США,англ.,Автобіографія,Biography; Comedy; Drama,реальна історія,,,"Гарві Пікар працював клерком у шпиталі для ветеранів у Клівленді й паралельно писав комікси про власне буденне життя — черги, сварки, роботу, хворобу. Шері Спрінґер Берман і Роберт Пульчіні змішують ігрові сцени з Полом Джаматті, мальовану анімацію і зйомки справжнього Пікара, який тут-таки коментує, наскільки актор на нього схожий. Гран-прі журі «Санденсу» 2003-го й номінація на «Оскар» за сценарій. Тон уїдливий і зовсім не зворушливий.",https://www.imdb.com/title/tt0305206/
tt0371280,Crimson Gold,Багряне золото,2003,7.4,6158,Іран,Близький Схід і Африка,перс.,Соціальна драма,Crime; Drama; Thriller,натхненний реальними подіями,так,,"Газетна замітка про рознощика піци, який спробував пограбувати ювелірну крамницю, стала для Аббаса Кіаростамі основою сценарію, а зняв його Джафар Панагі. Фільм починається з розв'язки й далі відмотує назад буденні приниження героя — ветерана ірано-іракської війни, що розвозить замовлення в багаті квартали Тегерана. Головну роль зіграв непрофесійний актор Хоссейн Емадеддін, який справді працював рознощиком. Приз журі програми «Особливий погляд» у Каннах; в Ірані картину заборонили.",https://www.imdb.com/title/tt0371280/
tt0362227,The Terminal,Термінал,2004,7.4,540676,США,США,англ.,Соціальна драма,Comedy; Drama; Romance,натхненний реальними подіями,,,"Іранець Мехран Карімі Нассері прожив у першому терміналі аеропорту Шарль-де-Ґолль з 1988-го до 2006 року, застрягши між загубленими документами й бюрократією. Стівен Спілберґ бере з цього лише вихідну ситуацію: його Віктор Наворський (Том Генкс) — громадянин вигаданої Кракожії, чия країна зникла під час перельоту, а термінал збудували в павільйоні як справжній. Від документальної основи лишилося небагато: замість багаторічної безвиході — комедія про доброзичливого чужинця. Нассері отримав від студії гонорар за права.",https://www.imdb.com/title/tt0362227/
tt0390221,Maria Full of Grace,"Марія, сповнена благодаті",2004,7.4,37731,Колумбія/США/Еквадор,Латинська Америка,ісп.,Кримінал,Crime; Drama,натхненний реальними подіями,,,"Джошуа Марстон писав сценарій за розповідями колумбійок, які возили наркотики в шлунку, і не пом'якшив жодної деталі процедури — від тренування ковтати виноградини до перельоту в Нью-Йорк. Сімнадцятирічна Марія кидає роботу на плантації троянд під Боготою й погоджується на один рейс. Каталіна Сандіно Морено, для якої це був перший фільм, отримала «Срібного ведмедя» Берлінале й номінацію на «Оскар». Усе тримається на буденності: жодного гангстерського шику, лише економічний розрахунок.",https://www.imdb.com/title/tt0390221/
tt0433383,"Good Night, and Good Luck.",На добраніч і хай щастить,2005,7.4,105643,США/Велика Британія/Франція/Японія,США,англ.,Суд і журналістика,Biography; Drama; History,реальна історія,,,"Осінь 1953-го — весна 1954-го, редакція CBS: Едвард Р. Марроу з продюсером Фредом Френдлі готують випуски See It Now про звільненого з ВПС лейтенанта Мило Радуловича, а тоді б'ють по самому Джозефу Маккарті. Джордж Клуні зняв усе чорно-білим і в павільйоні, а Маккарті тут «грає» сам себе — це справжня хроніка слухань. Девід Стретерн веде роль стримано, майже без жестів. Шість номінацій на «Оскар», зокрема за режисуру й сценарій.",https://www.imdb.com/title/tt0433383/
tt0388980,The Greatest Game Ever Played,Найкраща гра в історії,2005,7.4,36381,США,США,англ.,Спорт,Biography; Drama; Sport,реальна історія,,,"Брукляйн, штат Массачусетс, вересень 1913-го: двадцятирічний колишній кедді Френсіс Уїмет виходить у плей-оф US Open проти британських зірок Гаррі Вардона й Теда Рея — і виграє, маючи за помічника десятирічного Едді Лоурі. Білл Пекстон як режисер веде дві лінії паралельно: юнак із робітничої родини навпроти Вардона, якого класовий бар'єр тиснув усе життя. Це екранізація книжки Марка Фроста, знята з підкресленими цифровими ефектами на кожному ударі — прийом, який подобається не всім.",https://www.imdb.com/title/tt0388980/
tt0454776,Amazing Grace,Дивовижна благодать,2006,7.4,26660,Велика Британія / США,Британія та Ірландія,англ.,Політика та історія,Biography; Drama; History; Romance,реальна історія,,,"Майкл Аптед відтворює двадцятирічну парламентську кампанію Вільяма Вілберфорса, що завершилася британським законом про скасування работоргівлі 1807 року. Йоан Ґріффад грає його в роки хвороби й сумнівів, Альберт Фінні — колишнього работоргівця Джона Ньютона, автора гімну Amazing Grace. Фільм вийшов до 200-річчя закону й тримається на палатних дебатах і закулісних торгах. Роль темношкірих аболіціоністів тут звужена: Олауда Еквіано у виконанні Юсу Н'Дура з'являється лише епізодично.",https://www.imdb.com/title/tt0454776/
tt0844457,North Face,Північна стіна,2008,7.4,17206,Німеччина / Австрія / Швейцарія,Європа,нім.,Катастрофа і виживання,Adventure; Biography; Drama; History; Sport,реальна історія,,,"Липень 1936-го, за кілька тижнів до берлінської Олімпіади: двоє баварських солдатів, Тоні Курц і Андреас Гінтерштойссер, лізуть на північну стіну Айгера, яку нацистська преса призначила ділянкою національної слави. Філіпп Штьольцль монтує кригу й туман стіни з теплим готелем унизу, звідки за альпіністами стежать у підзорні труби. Знімали переважно на натурі й у холоді, без пафосу — розв'язка відома з підручників історії альпінізму. Журналістка, через яку подано «нижню» лінію, вигадана.",https://www.imdb.com/title/tt0844457/
tt0411272,Mesrine: Public Enemy No. 1,Ворог держави №1: Легенда,2008,7.4,32583,Франція / Канада,Європа,фр.,Кримінал,Action; Biography; Crime; Drama; Thriller,реальна історія,так,,"Друга частина дилогії Жан-Франсуа Ріше охоплює 1970-ті: втечі з в'язниць, викрадення мільйонера Анрі Лельєвра, інтерв'ю Paris Match із бравадою про «ворога держави номер один» — і засідку біля Порт-де-Кліньянкур 2 листопада 1979-го. Венсан Кассель набрав для ролі понад двадцять кілограмів і отримав «Сезар», Ріше — «Сезар» за режисуру. Фільм великою мірою спирається на автобіографію самого Мезріна, написану у в'язниці, тож частину епізодів варто читати як його власну легенду про себе.",https://www.imdb.com/title/tt0411272/
tt1343703,Fortress of War,Брестська фортеця,2010,7.4,11294,Білорусь / Росія,Інше,рос.,Війна,Action; Drama; War,реальна історія,,,"22 червня 1941-го, перші дні облоги: гарнізон Брестської фортеці тримається у відрізаних казематах без води й зв'язку. Олександр Котт веде оповідь очима хлопця з музичного взводу, чиїм прототипом був Петро Клипа, і виводить реальних командирів — полкового комісара Юхима Фоміна, майора Петра Гаврилова, лейтенанта Андрія Кижеватова. Знімали на місці подій, з великою масовкою й важкою піротехнікою. Фільм створено коштом «Союзної держави» Росії та Білорусі, і його героїчна радянська оптика повністю відповідає замовникові.",https://www.imdb.com/title/tt1343703/
tt1422032,Even the Rain,І дощ теж,2010,7.4,15585,Іспанія / Франція / Мексика,Європа,ісп.,Соціальна драма,Drama; History,натхненний реальними подіями,,,"У квітні 2000 року мешканці болівійської Кочабамби вийшли проти приватизації водопостачання, і протести переросли у вуличні бої з армією. Ісіар Больяїн і сценарист Пол Лаверті вигадали іспанську знімальну групу, що приїхала знімати кіно про Колумба: дешева масовка з місцевих індіанців виявляється тими самими людьми, які воюють за воду. Ґаель Ґарсія Берналь і Луїс Тосар грають режисера й продюсера, чиї переконання не витримують зіткнення з бюджетом.",https://www.imdb.com/title/tt1422032/
tt0790663,The First Grader,Першокласник,2010,7.4,5078,Велика Британія / Кенія / США,Британія та Ірландія,"англ., суахілі",Соціальна драма,Biography; Drama; Romance,реальна історія,,,"2003 року Кенія скасувала плату за початкову освіту, і наступного року до сільської школи під Елдоретом прийшов 84-річний Кімані Маруге — колишній боєць мау-мау, який хотів навчитися читати. Джастін Чедвік чергує клас із флешбеками про британські табори 1950-х, показуючи, чому поява старого злить сусідів і чиновників. Олівер Літондо грає Маруге, Наомі Гарріс — учительку, яка його відстоює; знімали в справжній школі з місцевими дітьми. Маруге потрапив до Книги рекордів Гіннесса.",https://www.imdb.com/title/tt0790663/
tt2059255,No,Ні,2012,7.4,27274,Чилі,Латинська Америка,ісп.,Політика та історія,Drama; History,реальна історія,,,"На плебісциті 5 жовтня 1988 року чилійці мали відповісти, чи залишиться Піночет при владі ще на вісім років; опозиції виділили п'ятнадцять хвилин нічного ефіру щодня. Пабло Ларраїн показує роботу рекламника Рене Сааведри, який замість переліку злочинів хунти пропонує райдугу і слоган про радість. Усе знято на відеокамеру U-matic 1983 року, тож архів і постановку не відрізнити. Критики закидали фільму, що перемогу він приписує рекламі, а не десятиліттям вуличного опору.",https://www.imdb.com/title/tt2059255/
tt1790885,Zero Dark Thirty,Ціль номер один,2012,7.4,343699,США,США,англ.,Війна,Drama; History; Thriller,реальна історія,так,Зображення тортур як ключа до знаходження бен Ладена суперечить висновкам сенатського комітету США; сенатори публічно назвали цю сюжетну лінію недостовірною.,"Від чорних тюрем ЦРУ 2003 року до нічного рейду «морських котиків» у Абботтабаді 2 травня 2011-го — усе показано через одну аналітикиню, збірного персонажа на ім'я Мая. Кетрін Бігелоу і сценарист Марк Боал спиралися на розмови з учасниками пошуку; фінальні сорок хвилин зняті майже в реальному часі, крізь прилади нічного бачення. Головна претензія до фільму: він подає тортури як те, що дало ключову зачіпку, — з чим сперечався сенатський комітет з розвідки.",https://www.imdb.com/title/tt1790885/
tt2301592,The Dance of Reality,Танець реальності,2013,7.4,10038,"Чилі, Франція",Латинська Америка,ісп.,Автобіографія,Biography; Drama; Fantasy,реальна історія,,,"Ходоровський повернувся до режисури через 23 роки, щоб екранізувати власне дитинство в портовій Токопільї 1930-х: батько-комуніст із крамницею білизни, мати, яка вірить, що син — реінкарнація її батька, і хлопчик, якого б'ють однолітки. Автобіографія тут не документ, а обряд: батька грає рідний син режисера Бронтіс, мати співає всі репліки оперним голосом, а сам 84-річний Ходоровський входить у кадр, щоб обійняти себе малого. Прем'єра — «Двотижневик режисерів» у Каннах.",https://www.imdb.com/title/tt2301592/
tt2182001,Legend No. 17,Легенда №17,2013,7.4,6750,Росія,Східна Європа,рос.,Спорт,Biography; Drama; Sport,реальна історія,,,"Валерій Харламов, син іспанки-емігрантки, пройшов шлях від заслання в чебаркульську команду до першої гри Суперсерії СРСР — Канада 2 вересня 1972 року, яку радянці виграли в Монреалі. Микола Лебедєв зводить біографію до двох вузлів: стосунки з тренером Анатолієм Тарасовим у виконанні Олега Меньшикова і підготовка до того матчу. Фільм знято за державної підтримки, і це відчутно — біографію помітно підчищено, а спорт подано як національний тріумф.",https://www.imdb.com/title/tt2182001/
tt0903657,Love & Mercy,Любов і милосердя,2014,7.4,45972,США,США,англ.,Музика та мистецтво,Biography; Drama; Music,реальна історія,,,"Білл Полад розповідає про Брайана Вілсона двома шарами, що чергуються: 1960-ті, де Пол Дано записує Pet Sounds і Good Vibrations, чуючи в голові дедалі більше голосів, і 1980-ті, де Джон К'юсак живе під цілодобовим наглядом психотерапевта Юджина Ленді. Елізабет Бенкс грає Мелінду Ледбеттер, продавчиню автосалону, яка допомогла Вілсону вирватися; Ленді згодом позбавили ліцензії. Студійні сцени відтворені за реальними сесійними плівками.",https://www.imdb.com/title/tt0903657/
tt2192016,The Dark Horse,Темний кінь,2014,7.4,6886,Нова Зеландія,Австралія і Океанія,англ.,Спорт,Biography; Drama,реальна історія,,,"Дженесіс Потіні, шахіст-маорі з новозеландського Ґізборна, жив із біполярним розладом і водночас тренував дітей із бідних родин у клубі Eastern Knights, вивозячи їх на національні турніри. Джеймс Нейпір Робертсон бере кілька місяців після чергової госпіталізації Потіні, коли той береться зібрати команду й одночасно витягнути племінника з байкерського угруповання. Кліфф Кертіс набрав для ролі понад тридцять кілограмів і здобув за неї головні акторські нагороди Нової Зеландії.",https://www.imdb.com/title/tt2192016/
tt3203606,Trumbo,Трамбо,2015,7.4,87943,США,США,англ.,Політика та історія,Biography; Drama,реальна історія,,,"1947 року Далтон Трамбо, найдорожчий сценарист Голлівуду, відмовився відповідати Комісії з розслідування антиамериканської діяльності, відсидів одинадцять місяців і потрапив до «чорного списку» — далі писав під псевдонімами й чужими іменами, зокрема «Римські канікули». Джей Роуч знімає це як гірку виробничу комедію, де Браян Кренстон друкує сценарії просто у ванні, а Гелен Міррен грає колумністку Гедду Гоппер. Блокаду зламали 1960-го Отто Премінджер і Кірк Дуґлас, поставивши ім'я Трамбо в титри. Частина другорядних героїв — збірні постаті.",https://www.imdb.com/title/tt3203606/
tt2097298,"McFarland, USA","Макфарленд, США",2015,7.4,46954,США,США,англ.,Спорт,Biography; Drama; Sport,реальна історія,,,"1987 рік, містечко Макфарленд у каліфорнійській Центральній долині: звільнений з попередньої школи тренер Джим Вайт помічає, що його учні-латиноамериканці, які до уроків збирають городину, бігають швидше за всіх. Нікі Каро знімає диснеївську спортивну драму, але не оминає ані спекотних борозен, ані того, що стипендія в коледжі для цих родин — єдиний вихід. Кевін Костнер грає без харизматичних промов. Макфарленд справді виграв перший чемпіонат штату з кросу 1987 року, а потім ще вісім разів.",https://www.imdb.com/title/tt2097298/
tt3808342,Son of Saul,Син Савла,2015,7.4,54793,Угорщина,Європа,"угор., нім., ідиш",Голокост,Drama; War,натхненний реальними подіями,,,"Жовтень 1944-го, Аушвіц-Біркенау: в'язні зондеркоманди, яких змушували обслуговувати крематорії, готують повстання — і саме тоді Савл (Ґеза Рьоріґ) вирішує будь-що поховати одного хлопчика за єврейським обрядом. Ласло Немеш тримає камеру впритул до потилиці героя, у форматі 4:3 і на короткому фокусі: жахи табору лишаються розмитими за спиною і в звуці. Гран-прі Канн і «Оскар» за іншомовний фільм — за дебютний повний метр. В основі — свідчення та «Сувої Аушвіцу», записані самими членами зондеркоманди.",https://www.imdb.com/title/tt3808342/
tt3263904,Sully,Диво на Гудзоні,2016,7.4,325380,США,США,англ.,Катастрофа і виживання,Biography; Drama; History,реальна історія,,,"15 січня 2009 року рейс US Airways 1549 через дві хвилини після зльоту з Ла-Гуардії втратив обидва двигуни, зіткнувшись зі зграєю казарок, і Чеслі Салленберґер посадив лайнер на Гудзон — усі 155 людей вижили. Іствуд віддає самій посадці кілька хвилин, а фільм будує навколо слухань NTSB, які ставлять під сумнів рішення пілота. Том Генкс грає людину, що не почувається героєм. Реальні слідчі заперечували проти такого зображення, і на прохання Салленберґера їхні прізвища змінили.",https://www.imdb.com/title/tt3263904/
tt5936692,The Last Family,Остання родина,2016,7.4,5250,Польща,Європа,польська,Музика та мистецтво,Biography; Drama,реальна історія,,,"Здзіслав Бексінський усе життя знімав себе й рідних на камеру — з цього домашнього архіву Ян П. Матушинський і зібрав фільм про двадцять вісім років у варшавському блоці. Художник малює жахіття й лишається спокійним; його син Томаш, радіоведучий і перекладач фільмів, живе в постійній кризі; мати й бабуся тримають побут. Анджей Северин отримав акторський приз Локарно. Фінал родини відомий заздалегідь, і картина не робить із нього таємниці.",https://www.imdb.com/title/tt5936692/
tt4341582,Queen of Katwe,Королева Катве,2016,7.4,20239,США / ПАР,США,"англ., луганда",Спорт,Biography; Drama; Sport,реальна історія,,,"Фіона Мутесі торгувала кукурудзою в кампальських нетрях Катве, коли тренер Роберт Катенде привів її до шахового гуртка при місіонерській програмі; за кілька років вона грала на шаховій олімпіаді й отримала звання майстрині ФІДЕ. Міра Наїр знімала в самому Катве, з місцевими дітьми в кадрі. Лупіта Ніонго грає матір Фіони, Девід Ойелоуо — тренера; фільм уникає спортивної патетики й радше рахує, скільки коштує родині один переїзд.",https://www.imdb.com/title/tt4341582/
tt4555426,Darkest Hour,Темні часи,2017,7.4,245293,Велика Британія / США,Британія та Ірландія,англ.,Політика та історія,Biography; Drama; History; War,реальна історія,,,"Травень 1940-го: Черчилль отримує прем'єрство, коли вермахт котиться Францією, а у власному кабінеті лорд Галіфакс тисне почати мирні переговори через Муссоліні. Джо Райт стискає дію до кількох тижнів і майже до інтер'єрів — коридори, бункер, палата громад — і завершує промовою «ми битимемося на пляжах». Гері Олдмен під протезним гримом Кадзухіро Цудзі отримав «Оскар», гример — свій. Епізод, у якому Черчилль спускається в метро радитися з пасажирами, історики називають вигадкою сценариста.",https://www.imdb.com/title/tt4555426/
tt4209788,Molly's Game,Велика гра,2017,7.4,205511,США,США,англ.,Кримінал,Biography; Crime; Drama,реальна історія,,,"Моллі Блум ішла на Олімпіаду в могулі, зламалася на кваліфікації, а за кілька років уже вела найдорожчі підпільні покерні столи Лос-Анджелеса, згодом Нью-Йорка — з голлівудськими зірками, фінансистами й, як з'ясувалося, російськими грошима. Аарон Соркін у режисерському дебюті монтує розмови з адвокатом і флешбеки в одному темпі скоромовки; Джессіка Честейн тримає цей текст без задишки. Ключовий конфлікт — відмова Блум називати імена гравців навіть під загрозою вироку. Номінація на «Оскар» за адаптований сценарій.",https://www.imdb.com/title/tt4209788/
tt6135348,120 BPM (Beats Per Minute),120 ударів на хвилину,2017,7.4,17776,Франція,Європа,франц.,Соціальна драма,Drama,натхненний реальними подіями,,,"Париж початку 1990-х: щотижневі збори осередку ACT UP, суперечки про тактику, акції з фальшивою кров'ю проти фармкомпаній, лекції про презервативи в школах. Робен Кампійо, який сам був в ACT UP, чергує ці засідання з любовною лінією Наталя й Шона у виконанні Арно Валуа й Наюеля Переса Біск'ярта. Персонажі вигадані, а от механіка зборів відтворена майже документально. Гран-прі Каннського фестивалю 2017 року і шість «Сезарів».",https://www.imdb.com/title/tt6135348/
tt6576556,The Silent Revolution,Мовчазна революція,2018,7.4,6576,Німеччина,Європа,нім.,Політика та історія,Drama; History,реальна історія,,,"1956 року випускний клас школи в Шторкові почув із західного радіо про придушення повстання в Угорщині і на уроці вшанував загиблих хвилиною мовчання. Ларс Краум екранізує книжку одного з тих учнів, Дітріха Ґарстки: далі приїзд міністра освіти НДР, вимога назвати призвідника і вибір між атестатом і однокласниками. Майже весь фільм — розмови в класах і на кухнях, тиск м'який і невідворотний. Учні зрештою опинилися на Заході й складали випускні іспити вже там.",https://www.imdb.com/title/tt6576556/
tt1226837,Beautiful Boy,Прекрасний хлопчик,2018,7.4,131948,США,США,англ.,Медицина та виживання,Biography; Drama,реальна історія,,,"Журналіст Девід Шефф і його син Нік видали дві книжки про одні й ті самі роки: батько — «Beautiful Boy», син — «Tweak». Фелікс ван Ґроенінген зводить їх в одну історію, яка навмисне ходить по колу: зрив, ремісія, обіцянка, знову лікарня. Стів Карелл і Тімоті Шаламе грають без надриву, часова структура рвана. Ні переможного одужання, ні моралі тут немає — залежність показано як хронічний стан цілої родини.",https://www.imdb.com/title/tt1226837/
tt7363076,Raid,Рейд,2018,7.4,24069,Індія,Індія,гінді,Кримінал,Crime; Drama; Thriller,натхненний реальними подіями,так,,"1981 рік, Лакхнау: команда податкової служби заходить у маєток впливового депутата й не виходить звідти кілька діб, простукуючи стіни й розбираючи підлогу. Радж Кумар Ґупта відштовхувався від реального обшуку, що його провів офіцер Індійської податкової служби, і тримається загальної канви — подробиці тієї справи оприлюднювали скупо. Аджай Девґн грає інспектора, який не підвищує голосу, а Саурабх Шукла в ролі «Тауджі» перетягує на себе половину сцен. Кульмінація — без бійок: папери, ваги й натовп під ворітьми.",https://www.imdb.com/title/tt7363076/
tt5827916,A Hidden Life,Таємне життя,2019,7.4,32630,США / Німеччина,США,"англ., нім.",Війна,Biography; Drama; Romance; War,реальна історія,,,"Селянин Франц Єґерштеттер із гірського села Санкт-Радеґунд відмовився присягати Гітлеру, був заарештований 1943 року і страчений у Бранденбурзі; 2007-го його беатифікували. Терренс Малік розтягує майже три години на роботу в полі, листи між Францом і дружиною Франціскою та тихий тиск односельців. Діалогів мало, натомість Альпи, коси й дощ; каркасом сценарію стало реальне листування подружжя, опубліковане після війни.",https://www.imdb.com/title/tt5827916/
tt8655470,The Specials,Особливі,2019,7.4,12529,Франція,Європа,франц.,Соціальна драма,Comedy; Drama,реальна історія,,,"Стефан Бенаму й Дауд Тату тримають у Парижі дві асоціації: одна бере до себе підлітків із важким аутизмом, яких відмовляються тримати лікарні, друга вчить хлопців із передмість за ними доглядати. Олів'є Накаш і Ерік Толедано, автори «1+1», знали обох задовго до власної кар'єри в кіно й зняли фільм про цю роботу — і про перевірку, яка може її закрити, бо потрібних дозволів немає. Венсан Кассель і Реда Катеб грають засновників; частину підопічних зіграли люди з реальним досвідом аутизму.",https://www.imdb.com/title/tt8655470/
tt6264938,Kesari,Кесарі,2019,7.4,26546,Індія,Індія,гінді,Війна,Action; Drama; History; Thriller; War,реальна історія,так,,"12 вересня 1897 року сигнальний пост Сарагархі на хребті Самана обороняв двадцять один солдат 36-го сикхського полку проти кількох тисяч афридіїв і оракзаїв — усі загинули, передаючи геліографом повідомлення сусіднім фортам до останнього. Анураг Сінгх розтягує один день бою майже на весь фільм, а перед тим ставить конфлікт гавільдара Ішара Сінгха (Акшай Кумар) із британським командуванням. Батальна частина знята розмашисто й патетично, з уповільненнями та хоровим саундтреком. Дружина героя й частина його біографії — сценарний додаток.",https://www.imdb.com/title/tt6264938/
tt10796286,Dear Comrades!,Дорогі товариші!,2020,7.4,6540,Росія,Східна Європа,рос.,Політика та історія,Drama; History,реальна історія,,,"Червень 1962-го, Новочеркаськ: робітники електровозобудівного заводу вийшли проти підвищення цін і зниження розцінок — по демонстрації відкрили вогонь, загиблих ховали таємно, справу засекретили на десятиліття. Андрій Кончаловський дивиться на це очима переконаної партійної працівниці (Юлія Висоцька), яка вимагає покарати «зачинщиків», а потім шукає доньку серед зниклих. Знято чорно-білим у кадрі 4:3, музика звучить тільки з радіо. Спеціальний приз журі Венеції 2020 року.",https://www.imdb.com/title/tt10796286/
tt10633456,Minari,Мінарі,2020,7.4,127121,США,США,"англ., кор.",Автобіографія,Drama,натхненний реальними подіями,,,"Лі Айзек Чун виріс на фермі в Арканзасі, куди його батьки-корейці переїхали в 1980-х вирощувати овочі для корейських громад США, — з цих спогадів і зроблено фільм. Дія охоплює перший рік родини Ї на новій землі: трейлер посеред поля, зміни на птахофабриці, приїзд бабусі з Кореї. Стівен Юн грає батька, який уперто вкладає в землю останні гроші, а Юн Йо-джон отримала «Оскар» за роль бабусі Сунджі.",https://www.imdb.com/title/tt10633456/
tt9738784,Persian Lessons,Уроки перської,2020,7.4,15883,Німеччина/Росія/Білорусь,Європа,нім./франц.,Голокост,Drama; War,натхненний реальними подіями,,,"Франція, 1942-й: щоб не бути розстріляним, бельгійський єврей Жиль видає себе за перса й потрапляє кухарем-репетитором до гауптштурмфюрера, який мріє після війни відкрити ресторан у Тегерані. Мову він вигадує щовечора — з імен в'язнів у таборових списках, які сам же переписує. Вадим Перельман екранізував оповідання Вольфґанґа Кольхаазе; що такий випадок стався насправді, історики не підтверджують. Наюель Перес Біскаярт і Ларс Айдінґер тримають двогодинну дуель майже вдвох.",https://www.imdb.com/title/tt9738784/
tt9784798,Judas and the Black Messiah,Юда і чорний месія,2021,7.4,116021,США,США,англ.,Політика та історія,Biography; Crime; Drama; History,реальна історія,,,"Чиказький автовикрадач Вільям О'Ніл трапляється ФБР і дістає вибір: строк або робота інформатором усередині місцевого відділення «Чорних пантер». Шака Кінґ веде дві лінії паралельно — двадцятиоднорічного Фреда Гемптона, який будує «Веселкову коаліцію» з бідних білих і латиноамериканців, і людину, що щодня приносить кураторові план його квартири. Розв'язка — поліційний рейд 4 грудня 1969 року. Деніел Калуя отримав «Оскар» за роль другого плану, а фільм відкривається справжнім телеінтерв'ю О'Ніла, знятим наприкінці 1980-х.",https://www.imdb.com/title/tt9784798/
tt8745676,The Swimmers,Плавчині,2022,7.4,40924,Велика Британія,Британія та Ірландія,"англ., араб.",Спорт,Biography; Drama; History; Sport,реальна історія,,,"Дарайя під Дамаском, 2015-й: плавчині Юсра й Сара Мардіні вирушають через Туреччину до Європи, і коли мотор перевантаженого човна глухне дорогою на Лесбос, вони по черзі тягнуть його у воді кілька годин. Саллі Ель Госейні знімає першу половину як історію двох підлітків, другу — як шлях через Балкани до збірної біженців на Олімпіаді в Ріо. Юсру й Сару зіграли рідні сестри Наталі й Манал Ісса. Про переслідування Сари в Греції сказано лише в титрах.",https://www.imdb.com/title/tt8745676/
tt8983228,Jhund,Джхунд,2022,7.4,26264,Індія,Індія,гінді,Спорт,Biography; Drama; Sport,реальна історія,,,"Віджай Барсе, викладач фізкультури в Наґпурі, побачив, як підлітки з нетрів під дощем ганяють пластикове відро замість м'яча, і почав збирати з них команди — так виросла організація Slum Soccer. Наґрадж Манджуле віддає першу половину фільму не грі, а тому, як цих дітей не пускають ані на поле, ані в державні реєстри: у багатьох немає навіть документів. Амітабх Баччан грає Барсе підкреслено непомітним, майже фоновим персонажем.",https://www.imdb.com/title/tt8983228/
tt16419074,Air,Air: Велика гра,2023,7.4,198098,США,США,англ.,Спорт,Drama; History; Sport,реальна історія,,,"1984 року баскетбольний напрям Nike програвав Converse і Adidas, і скаут Сонні Ваккаро (Метт Деймон) поставив увесь річний бюджет на одного новачка — Майкла Джордана, який Nike навіть не розглядав. Бен Аффлек зняв фільм і зіграв Філа Найта, а переговори веде не спортсмен, а його мати Делоріс (Віола Девіс), яка вимагає відсоток із продажів. Джордана в кадрі майже не показують — тільки зі спини. Усе тримається на розмовах у кабінетах, хоч результат відомий наперед.",https://www.imdb.com/title/tt16419074/
tt23790740,Srikanth,Шріканта,2024,7.4,14751,Індія,Індія,гінді,Соціальна драма,Biography; Drama,реальна історія,,,"Шрікант Болла народився незрячим у бідній родині в Андхра-Прадеші, через суд домігся права складати іспити з природничих наук, став першим незрячим іноземним студентом MIT і повернувся в Індію засновувати Bollant Industries — виробництво екопакування, де працюють люди з інвалідністю. Тушар Гіранандані веде фільм від шкільних років до перших великих контрактів. Раджкуммар Рао грає без надриву, а сценарій не приховує ані впертості свого героя, ані його марнославства.",https://www.imdb.com/title/tt23790740/
tt11378946,Michael,Майкл,2026,7.4,165882,США,США,англ.,Музика та мистецтво,Biography; Drama; History; Music,реальна історія,,,"Байопік охоплює шлях від репетицій братів Джексонів у Ґері в Індіані до світового турне Bad наприкінці 1980-х. Майкла грає його рідний племінник Джаафар Джексон, який співає й танцює сам; режисер — Антуан Фукуа, сценарист — Джон Логан, у ролі Джо Джексона Колман Домінго. Прем'єру кілька разів переносили, а преса писала про перезйомки, пов'язані з тим, як показувати звинувачення 1990-х. Фільм зроблено за участі спадкоємців співака.",https://www.imdb.com/title/tt11378946/
